id,code,web_name,team,element_type,fixtures,minutes,goals_scored,assists,clean_sheets,goals_conceded,own_goals,penalties_saved,penalties_missed,yellow_cards,red_cards,saves,bonus,bps,influence,creativity,threat,ict_index,clearances_blocks_interceptions,recoveries,tackles,defensive_contribution,starts,expected_goals,expected_assists,expected_goal_involvements,expected_goals_conceded,total_points,in_dreamteam,played
1,154561,Raya,1,1,36,90,0,0,1,0,0,1,0,0,0,2,3,38,37.8,0.2,0.0,3.8,2,14,0,0,1,0.00,0.00,0.00,1.80,14,True,True
2,109745,Arrizabalaga,1,1,36,0,0,0,0,0,0,0,0,0,0,0,0,0,0.0,0.0,0.0,0.0,0,0,0,0,0,0.00,0.00,0.00,0.00,0,False,False
3,437495,Meslier,1,1,36,0,0,0,0,0,0,0,0,0,0,0,0,0,0.0,0.0,0.0,0.0,0,0,0,0,0,0.00,0.00,0.00,0.00,0,False,False
4,226597,Gabriel,1,2,36,90,0,0,1,0,0,0,0,1,0,0,2,30,20.6,1.5,1.0,2.3,10,2,1,11,1,0.02,0.01,0.03,1.80,9,False,True
5,445122,J.Timber,1,2,36,45,0,0,0,0,0,0,0,0,0,0,0,3,6.0,1.9,0.0,0.8,2,5,1,3,0,0.00,0.01,0.01,1.57,1,False,True
6,462424,Saliba,1,2,36,0,0,0,0,0,0,0,0,0,0,0,0,0,0.0,0.0,0.0,0.0,0,0,0,0,0,0.00,0.00,0.00,0.00,0,False,False
7,499169,Lewis-Skelly,1,3,36,45,0,0,0,0,0,0,0,0,0,0,0,2,0.0,1.4,0.0,0.0,0,0,0,0,1,0.00,0.00,0.00,0.23,1,False,True
8,466075,Calafiori,1,2,36,90,0,0,1,0,0,0,0,0,0,0,0,18,8.8,1.7,7.0,1.8,4,2,0,4,1,0.06,0.01,0.07,1.80,6,False,True
9,448104,Hincapie,1,2,36,0,0,0,0,0,0,0,0,0,0,0,0,0,0.0,0.0,0.0,0.0,0,0,0,0,0,0.00,0.00,0.00,0.00,0,False,False
10,198869,White,1,2,36,45,0,0,0,0,0,0,0,0,0,0,0,4,4.2,0.8,6.0,1.1,1,0,2,3,1,0.00,0.00,0.00,0.23,1,False,True
11,500040,Mosquera,1,2,36,0,0,0,0,0,0,0,0,0,0,0,0,0,0.0,0.0,0.0,0.0,0,0,0,0,0,0.00,0.00,0.00,0.00,0,False,False
12,223340,Saka,1,3,36,90,1,0,1,0,0,0,0,0,0,0,0,28,45.4,16.9,57.0,11.9,2,4,1,7,1,1.38,0.08,1.46,1.80,8,False,True
13,204480,Rice,1,3,36,80,0,1,1,0,0,0,0,0,0,0,0,27,45.0,36.4,0.0,8.1,6,2,2,10,1,0.00,0.37,0.37,1.41,6,False,True
14,232413,Eze,1,3,36,9,0,0,0,0,0,0,0,0,0,0,0,3,0.2,0.0,2.0,0.2,0,0,0,0,0,0.00,0.00,0.00,0.40,1,False,True
15,184029,Ødegaard,1,3,36,84,0,0,1,0,0,0,0,0,0,0,0,26,19.4,58.2,2.0,8.0,1,3,1,5,1,0.00,0.25,0.25,1.80,3,False,True
16,248857,Madueke,1,3,36,0,0,0,0,0,0,0,0,0,0,0,0,0,0.0,0.0,0.0,0.0,0,0,0,0,0,0.00,0.00,0.00,0.00,0,False,False
17,195384,Merino,1,3,36,5,0,0,0,0,0,0,0,0,0,0,0,3,0.2,0.1,0.0,0.0,0,0,0,0,0,0.00,0.00,0.00,0.00,1,False,True
18,444145,Martinelli,1,3,36,0,0,0,0,0,0,0,0,0,0,0,0,0,0.0,0.0,0.0,0.0,0,0,0,0,0,0.00,0.00,0.00,0.00,0,False,False
19,481655,Zubimendi,1,3,36,9,0,0,0,0,0,0,0,0,0,0,0,5,3.4,0.2,0.0,0.4,0,1,1,2,0,0.00,0.00,0.00,0.40,1,False,True
20,616077,Dowman,1,3,36,0,0,0,0,0,0,0,0,0,0,0,0,0,0.0,0.0,0.0,0.0,0,0,0,0,0,0.00,0.00,0.00,0.00,0,False,False
21,128295,Nørgaard,9,3,37,0,0,0,0,0,0,0,0,0,0,0,0,0,0.0,0.0,0.0,0.0,0,0,0,0,0,0.00,0.00,0.00,0.00,0,False,False
22,499175,Nwaneri,1,3,36,0,0,0,0,0,0,0,0,0,0,0,0,0,0.0,0.0,0.0,0.0,0,0,0,0,0,0.00,0.00,0.00,0.00,0,False,False
23,438098,Fábio Vieira,1,3,36,0,0,0,0,0,0,0,0,0,0,0,0,0,0.0,0.0,0.0,0.0,0,0,0,0,0,0.00,0.00,0.00,0.00,0,False,False
24,200641,Nelson,1,3,36,0,0,0,0,0,0,0,0,0,0,0,0,0,0.0,0.0,0.0,0.0,0,0,0,0,0,0.00,0.00,0.00,0.00,0,False,False
25,224117,Gyökeres,1,4,36,0,0,0,0,0,0,0,0,0,0,0,0,0,0.0,0.0,0.0,0.0,0,0,0,0,0,0.00,0.00,0.00,0.00,0,False,False
26,219847,Havertz,1,4,36,90,0,0,1,0,0,0,0,1,0,0,0,0,1.6,12.4,32.0,4.6,1,1,0,2,1,0.34,0.02,0.36,1.80,1,False,True
27,205651,G.Jesus,1,4,36,0,0,0,0,0,0,0,0,0,0,0,0,0,0.0,0.0,0.0,0.0,0,0,0,0,0,0.00,0.00,0.00,0.00,0,False,False
28,98980,Martinez,6,1,33,90,0,0,0,2,0,0,0,0,0,3,0,10,19.6,0.0,0.0,2.0,0,10,0,0,1,0.00,0.00,0.00,1.38,2,False,True
29,72147,M.Bizot,2,1,31,0,0,0,0,0,0,0,0,0,0,0,0,0,0.0,0.0,0.0,0.0,0,0,0,0,0,0.00,0.00,0.00,0.00,0,False,False
30,101188,Digne,2,2,31,0,0,0,0,0,0,0,0,0,0,0,0,0,0.0,0.0,0.0,0.0,0,0,0,0,0,0.00,0.00,0.00,0.00,0,False,False
31,199798,Konsa,1,2,36,90,0,0,1,0,0,0,0,0,0,0,0,16,11.8,0.2,0.0,1.2,6,1,2,8,1,0.00,0.00,0.00,1.80,6,False,True
32,199796,Cash,2,2,31,0,0,0,0,0,0,0,0,0,0,0,0,0,0.0,0.0,0.0,0.0,0,0,0,0,0,0.00,0.00,0.00,0.00,0,False,False
33,149484,Mings,2,2,31,65,0,0,0,2,0,0,0,1,0,0,0,0,15.6,0.6,4.0,2.0,4,2,1,5,0,0.09,0.00,0.09,2.08,0,False,True
34,244954,Pau,2,2,31,24,0,0,0,0,0,0,0,0,0,0,0,4,0.2,0.4,2.0,0.3,0,0,0,0,1,0.00,0.00,0.00,0.20,1,False,True
35,515597,Bogarde,2,3,31,0,0,0,0,0,0,0,0,0,0,0,0,0,0.0,0.0,0.0,0.0,0,0,0,0,0,0.00,0.00,0.00,0.00,0,False,False
36,441302,Maatsen,2,2,31,90,0,0,0,2,0,0,0,0,0,0,0,7,10.2,3.4,24.0,3.8,3,6,1,4,1,0.18,0.03,0.21,1.66,1,False,True
37,184667,Lindelöf,2,2,31,90,0,0,0,2,0,0,0,0,0,0,0,2,16.4,1.1,35.0,5.3,2,0,0,2,1,0.44,0.01,0.45,2.28,1,False,True
38,606798,A.García,2,2,31,0,0,0,0,0,0,0,0,0,0,0,0,0,0.0,0.0,0.0,0.0,0,0,0,0,0,0.00,0.00,0.00,0.00,0,False,False
39,578545,Nedeljkovic,2,2,31,0,0,0,0,0,0,0,0,0,0,0,0,0,0.0,0.0,0.0,0.0,0,0,0,0,0,0.00,0.00,0.00,0.00,0,False,False
40,244850,Rogers,6,3,33,90,1,0,0,2,0,0,0,0,0,0,1,31,43.2,5.9,42.0,9.1,0,4,2,6,1,0.21,0.02,0.23,1.38,8,False,True
41,195546,Buendía,2,3,31,62,0,0,0,1,0,0,0,0,0,0,0,8,0.0,3.9,0.0,0.1,0,5,0,5,1,0.00,0.01,0.01,1.42,2,False,True
42,485337,Guessand,8,3,34,0,0,0,0,0,0,0,0,0,0,0,0,0,0.0,0.0,0.0,0.0,0,0,0,0,0,0.00,0.00,0.00,0.00,0,False,False
43,166989,Tielemans,16,3,39,66,0,0,0,1,0,0,0,0,0,0,0,15,12.2,13.8,4.0,3.0,3,0,2,5,1,0.00,0.04,0.04,0.53,2,False,True
44,215711,Bailey,2,3,31,0,0,0,0,0,0,0,0,0,0,0,0,0,0.0,0.0,0.0,0.0,0,0,0,0,0,0.00,0.00,0.00,0.00,0,False,False
45,122806,McGinn,2,3,31,90,0,1,0,2,0,0,0,0,0,0,1,30,26.4,31.4,0.0,5.8,2,6,1,9,1,0.00,0.11,0.11,2.28,6,False,True
46,88894,Barkley,2,3,31,62,0,0,0,1,0,0,0,0,0,0,0,14,6.0,2.7,7.0,1.6,0,3,4,7,1,0.03,0.01,0.04,1.42,2,False,True
47,226944,Kamara,2,3,31,90,0,0,0,2,0,0,0,0,0,0,0,17,11.6,12.4,2.0,2.6,1,1,3,5,1,0.00,0.05,0.05,2.28,2,False,True
48,449871,Onana,2,3,31,0,0,0,0,0,0,0,0,0,0,0,0,0,0.0,0.0,0.0,0.0,0,0,0,0,0,0.00,0.00,0.00,0.00,0,False,False
49,469247,Iling Jr,2,3,31,0,0,0,0,0,0,0,0,0,0,0,0,0,0.0,0.0,0.0,0.0,0,0,0,0,0,0.00,0.00,0.00,0.00,0,False,False
50,645618,Burrowes,2,3,31,0,0,0,0,0,0,0,0,0,0,0,0,0,0.0,0.0,0.0,0.0,0,0,0,0,0,0.00,0.00,0.00,0.00,0,False,False
51,577285,George Hemmings,2,3,31,45,0,0,0,0,0,0,0,0,0,0,0,3,2.0,11.5,2.0,1.6,1,0,0,1,1,0.00,0.01,0.01,0.39,1,False,True
52,653481,Alysson,2,3,31,45,1,0,0,2,0,0,0,0,0,0,0,24,34.4,2.3,23.0,6.0,1,1,0,2,0,0.06,0.00,0.06,1.89,6,False,True
53,614071,Manzambi,2,3,31,27,0,0,0,1,0,0,0,0,0,0,0,3,2.6,4.0,0.0,0.7,0,1,1,2,0,0.00,0.08,0.08,0.86,1,False,True
54,448089,Gomes,2,3,31,0,0,0,0,0,0,0,0,0,0,0,0,0,0.0,0.0,0.0,0.0,0,0,0,0,0,0.00,0.00,0.00,0.00,0,False,False
55,178301,Watkins,2,4,31,0,0,0,0,0,0,0,0,0,0,0,0,0,0.0,0.0,0.0,0.0,0,0,0,0,0,0.00,0.00,0.00,0.00,0,False,False
56,173879,Abraham,2,4,31,45,0,0,0,2,0,0,0,0,0,0,0,4,1.2,1.5,2.0,0.5,0,1,0,1,0,0.00,0.00,0.00,1.89,1,False,True
57,457569,Petrović,3,1,32,90,0,0,0,2,0,0,0,0,0,0,0,0,0.0,0.0,0.0,0.0,0,10,0,0,1,0.00,0.00,0.00,0.50,1,False,True
58,40383,Forster,3,1,32,0,0,0,0,0,0,0,0,0,0,0,0,0,0.0,0.0,0.0,0.0,0,0,0,0,0,0.00,0.00,0.00,0.00,0,False,False
59,444172,Dennis,3,1,32,0,0,0,0,0,0,0,0,0,0,0,0,0,0.0,0.0,0.0,0.0,0,0,0,0,0,0.00,0.00,0.00,0.00,0,False,False
60,463981,Hill,3,2,32,90,0,0,0,2,0,0,0,1,0,0,0,5,22.0,11.4,0.0,3.3,10,3,1,11,1,0.00,0.01,0.01,0.50,2,False,True
61,494521,Truffert,3,2,32,90,0,0,0,2,0,0,0,0,0,0,0,23,38.6,18.0,28.0,8.5,8,3,8,16,1,0.08,0.10,0.18,0.50,3,False,True
62,242882,Diakité,3,2,32,0,0,0,0,0,0,0,0,0,0,0,0,0,0.0,0.0,0.0,0.0,0,0,0,0,0,0.00,0.00,0.00,0.00,0,False,False
63,620487,Milosavljević,3,2,32,0,0,0,0,0,0,0,0,0,0,0,0,0,0.0,0.0,0.0,0.0,0,0,0,0,0,0.00,0.00,0.00,0.00,0,False,False
64,54469,Smith,3,2,32,90,0,0,0,2,0,0,0,1,0,0,0,-1,11.4,2.0,0.0,1.3,5,4,1,6,1,0.00,0.01,0.01,0.50,0,False,True
65,436893,J.Araujo,3,2,32,0,0,0,0,0,0,0,0,0,0,0,0,0,0.0,0.0,0.0,0.0,0,0,0,0,0,0.00,0.00,0.00,0.00,0,False,False
66,575901,Soler,3,2,32,0,0,0,0,0,0,0,0,0,0,0,0,0,0.0,0.0,0.0,0.0,0,0,0,0,0,0.00,0.00,0.00,0.00,0,False,False
67,499604,Rayan,3,3,32,81,0,0,0,2,0,0,0,0,0,0,0,7,5.6,17.8,20.0,4.3,2,0,1,3,1,0.39,0.02,0.41,0.39,2,False,True
68,201658,Tavernier,3,3,32,82,1,0,0,2,0,0,0,1,0,0,2,44,49.4,58.3,37.0,14.5,2,5,1,8,1,0.20,0.47,0.67,0.39,8,False,True
69,503139,Scott,3,3,32,90,0,0,0,2,0,0,0,0,0,0,0,19,22.2,46.1,10.0,7.8,6,7,2,15,1,0.19,0.05,0.24,0.50,4,False,True
70,222683,Kluivert,3,3,32,65,1,0,0,2,0,0,0,0,0,0,1,31,40.0,3.3,43.0,8.6,1,3,0,4,1,0.21,0.02,0.23,0.39,8,False,True
71,155408,Cook,3,3,32,8,0,0,0,0,0,0,0,1,0,0,0,-1,0.6,0.3,0.0,0.1,2,0,0,2,0,0.00,0.00,0.00,0.11,0,False,True
72,496208,Gannon-Doak,3,3,32,8,0,0,0,0,0,0,0,0,0,0,0,6,1.6,1.5,7.0,1.0,0,3,1,4,0,0.10,0.03,0.13,0.11,1,False,True
73,200785,Adams,3,3,32,81,0,0,0,2,0,0,0,0,0,0,0,16,13.0,5.9,7.0,2.6,3,5,2,10,1,0.03,0.02,0.05,0.39,2,False,True
74,111317,Brooks,3,3,32,7,0,0,0,0,0,0,0,1,0,0,0,-1,4.2,0.3,2.0,0.7,2,1,0,3,0,0.00,0.00,0.00,0.11,0,False,True
75,158499,Christie,3,3,32,24,0,0,0,0,0,0,0,0,0,0,0,7,6.6,14.4,4.0,2.5,3,4,0,7,0,0.00,0.12,0.12,0.11,1,False,True
76,614574,Tóth.A,3,3,32,0,0,0,0,0,0,0,0,0,0,0,0,0,0.0,0.0,0.0,0.0,0,0,0,0,0,0.00,0.00,0.00,0.00,0,False,False
77,489888,Adli,3,3,32,0,0,0,0,0,0,0,0,0,0,0,0,0,0.0,0.0,0.0,0.0,0,0,0,0,0,0.00,0.00,0.00,0.00,0,False,False
78,560262,Kroupi.Jr,3,3,32,0,0,0,0,0,0,0,0,0,0,0,0,0,0.0,0.0,0.0,0.0,0,0,0,0,0,0.00,0.00,0.00,0.00,0,False,False
79,444102,Evanilson,3,4,32,90,0,1,0,2,0,0,0,0,0,0,0,22,22.8,40.0,4.0,6.7,1,3,0,4,1,0.00,0.25,0.25,0.48,5,False,True
80,168636,Enes Ünal,3,4,32,0,0,0,0,0,0,0,0,0,0,0,0,0,0.0,0.0,0.0,0.0,0,0,0,0,0,0.00,0.00,0.00,0.00,0,False,False
81,561245,Rodríguez,3,4,32,1,0,0,0,0,0,0,0,0,0,0,0,3,0.0,0.5,0.0,0.1,0,0,0,0,0,0.00,0.00,0.00,0.02,1,False,True
82,200720,Kelleher,4,1,32,90,0,0,0,2,0,0,0,0,0,8,0,19,44.0,0.0,0.0,4.4,1,11,0,0,1,0.00,0.00,0.00,1.75,3,False,True
83,507433,Valdimarsson,4,1,32,0,0,0,0,0,0,0,0,0,0,0,0,0,0.0,0.0,0.0,0.0,0,0,0,0,0,0.00,0.00,0.00,0.00,0,False,False
84,432830,Collins,4,2,32,0,0,0,0,0,0,0,0,0,0,0,0,0,0.0,0.0,0.0,0.0,0,0,0,0,0,0.00,0.00,0.00,0.00,0,False,False
85,444765,Van den Berg,4,2,32,0,0,0,0,0,0,0,0,0,0,0,0,0,0.0,0.0,0.0,0.0,0,0,0,0,0,0.00,0.00,0.00,0.00,0,False,False
86,249231,Lewis-Potter,4,3,32,59,0,0,0,2,0,0,0,0,0,0,0,0,0.8,1.6,6.0,0.8,1,0,1,2,1,0.03,0.13,0.16,1.25,1,False,True
87,191866,Ajer,4,2,32,90,0,0,0,2,0,0,0,0,0,0,0,0,15.2,0.5,8.0,2.4,7,1,2,9,1,0.02,0.00,0.02,1.75,1,False,True
88,607464,Kayode,4,2,32,19,0,0,0,0,0,0,0,0,0,0,0,5,5.4,14.1,0.0,2.0,1,1,0,1,0,0.00,0.15,0.15,0.41,1,False,True
89,194010,Henry,4,2,32,0,0,0,0,0,0,0,0,0,0,0,0,0,0.0,0.0,0.0,0.0,0,0,0,0,0,0.00,0.00,0.00,0.00,0,False,False
90,472713,Hickey,4,2,32,70,0,0,0,2,0,0,0,0,0,0,0,4,10.0,2.1,6.0,1.8,5,4,2,7,1,0.03,0.03,0.06,1.33,1,False,True
91,231065,Pinnock,7,2,38,90,0,0,0,5,0,0,0,0,0,0,0,-11,18.0,0.7,4.0,2.3,8,1,2,10,1,0.01,0.00,0.01,2.81,2,False,True
92,570241,Ji-soo,4,2,32,0,0,0,0,0,0,0,0,0,0,0,0,0,0.0,0.0,0.0,0.0,0,0,0,0,0,0.00,0.00,0.00,0.00,0,False,False
93,513086,Schuster,4,2,32,90,0,0,0,2,0,0,0,0,0,0,0,5,22.2,0.5,8.0,3.1,10,3,2,12,1,0.00,0.01,0.01,1.75,3,False,True
94,513418,Schade,4,3,32,90,2,0,0,2,0,0,0,0,0,0,3,49,70.8,8.3,28.0,10.7,0,3,1,4,1,0.21,0.10,0.31,1.75,15,True,True
95,533463,O.Dango,4,3,32,30,0,0,0,0,0,0,0,0,0,0,0,4,2.0,1.7,6.0,1.0,1,3,0,4,0,0.02,0.01,0.03,0.50,1,False,True
96,440089,Damsgaard,4,3,32,30,0,0,0,0,0,0,0,0,0,0,0,3,0.0,7.8,6.0,1.3,1,3,0,4,0,0.10,0.00,0.10,0.50,1,False,True
97,207283,Jensen,4,3,32,0,0,0,0,0,0,0,0,0,0,0,0,0,0.0,0.0,0.0,0.0,0,0,0,0,0,0.00,0.00,0.00,0.00,0,False,False
98,204580,Janelt,4,3,32,90,0,0,0,2,0,0,0,0,0,0,0,20,28.4,14.4,0.0,4.3,11,6,3,20,1,0.00,0.08,0.08,1.75,4,False,True
99,543295,Milambo,4,3,32,0,0,0,0,0,0,0,0,0,0,0,0,0,0.0,0.0,0.0,0.0,0,0,0,0,0,0.00,0.00,0.00,0.00,0,False,False
100,244858,Carvalho,4,3,32,0,0,0,0,0,0,0,0,0,0,0,0,0,0.0,0.0,0.0,0.0,0,0,0,0,0,0.00,0.00,0.00,0.00,0,False,False
101,56979,Henderson,6,3,33,0,0,0,0,0,0,0,0,0,0,0,0,0,0.0,0.0,0.0,0.0,0,0,0,0,0,0.00,0.00,0.00,0.00,0,False,False
102,508395,Yarmoliuk,4,3,32,59,0,1,0,2,0,0,0,0,0,0,0,19,22.0,22.8,4.0,4.9,2,3,0,5,1,0.00,0.21,0.21,1.25,4,False,True
103,183656,Dasilva,4,3,32,0,0,0,0,0,0,0,0,0,0,0,0,0,0.0,0.0,0.0,0.0,0,0,0,0,0,0.00,0.00,0.00,0.00,0,False,False
104,428580,Onyeka,7,3,38,72,0,0,0,3,0,0,0,0,0,0,0,11,6.2,0.9,21.0,2.8,2,4,1,7,1,0.03,0.01,0.04,2.16,2,False,True
105,444180,Anthony,4,3,32,59,0,0,0,2,0,0,0,0,0,0,0,12,14.6,15.3,2.0,3.2,5,4,2,11,1,0.00,0.10,0.10,1.25,1,False,True
106,502500,Thiago,4,4,32,90,0,0,0,2,0,0,0,1,0,0,0,3,0.0,16.0,10.0,2.4,0,1,0,1,1,0.11,0.03,0.14,1.75,1,False,True
107,593174,Furo,4,4,32,0,0,0,0,0,0,0,0,0,0,0,0,0,0.0,0.0,0.0,0.0,0,0,0,0,0,0.00,0.00,0.00,0.00,0,False,False
108,75115,Wilson,4,4,32,0,0,0,0,0,0,0,0,0,0,0,0,0,0.0,0.0,0.0,0.0,0,0,0,0,0,0.00,0.00,0.00,0.00,0,False,False
109,489639,Verbruggen,5,1,38,90,0,0,1,0,0,0,0,0,0,6,0,39,47.8,0.0,0.0,4.8,3,7,0,0,1,0.00,0.00,0.00,1.33,8,False,True
110,472739,Rushworth,7,1,38,90,0,0,0,5,0,0,0,0,0,2,0,-5,18.0,0.0,0.0,1.8,1,11,0,0,1,0.00,0.01,0.01,2.81,0,False,True
111,49262,Steele,5,1,38,0,0,0,0,0,0,0,0,0,0,0,0,0,0.0,0.0,0.0,0.0,0,0,0,0,0,0.00,0.00,0.00,0.00,0,False,False
112,469142,Van Hecke,19,2,37,90,0,0,1,0,0,0,0,0,0,0,0,27,38.4,15.2,7.0,6.1,11,2,2,13,1,0.14,0.05,0.19,1.11,8,False,True
113,231416,F.Kadıoğlu,5,2,38,90,0,0,1,0,0,0,0,0,0,0,0,24,6.4,15.4,0.0,2.2,2,1,0,2,1,0.00,0.09,0.09,1.33,6,False,True
114,204120,Boscagli,5,2,38,77,0,0,1,0,0,0,0,0,0,0,0,25,11.6,14.3,2.0,2.8,8,5,1,9,1,0.01,0.03,0.04,1.11,6,False,True
115,465730,De Cuyper,5,2,38,90,0,1,1,0,0,0,0,0,0,0,2,41,24.8,46.9,3.0,7.5,1,4,0,1,1,0.03,0.04,0.07,1.33,11,True,True
116,83299,Dunk,5,2,38,90,1,0,1,0,0,0,0,0,0,0,0,39,57.2,4.3,7.0,6.9,5,2,1,6,1,0.03,0.03,0.06,1.33,12,True,True
117,550090,Coppola,5,2,38,0,0,0,0,0,0,0,0,0,0,0,0,0,0.0,0.0,0.0,0.0,0,0,0,0,0,0.00,0.00,0.00,0.00,0,False,False
118,223434,Igor,5,2,38,0,0,0,0,0,0,0,0,0,0,0,0,0,0.0,0.0,0.0,0.0,0,0,0,0,0,0.00,0.00,0.00,0.00,0,False,False
119,451490,Costinha,5,2,38,6,0,0,0,0,0,0,0,0,0,0,0,3,1.2,0.3,0.0,0.2,1,1,0,1,0,0.00,0.00,0.00,0.04,1,False,True
120,454490,Svoboda,5,2,38,0,0,0,0,0,0,0,0,0,0,0,0,0,0.0,0.0,0.0,0.0,0,0,0,0,0,0.00,0.00,0.00,0.00,0,False,False
121,451340,Mitoma,5,3,38,0,0,0,0,0,0,0,0,0,0,0,0,0,0.0,0.0,0.0,0.0,0,0,0,0,0,0.00,0.00,0.00,0.00,0,False,False
122,592031,Minteh,5,3,38,0,0,0,0,0,0,0,0,0,0,0,0,0,0.0,0.0,0.0,0.0,0,0,0,0,0,0.00,0.00,0.00,0.00,0,False,False
123,532529,Hinshelwood,5,3,38,0,0,0,0,0,0,0,0,0,0,0,0,0,0.0,0.0,0.0,0.0,0,0,0,0,0,0.00,0.00,0.00,0.00,0,False,False
124,60307,Groß,5,3,38,90,1,2,1,0,0,0,0,0,0,0,3,56,83.8,79.1,18.0,18.1,2,2,2,6,1,0.82,0.19,1.01,1.33,17,True,True
125,463067,Georginio,5,4,38,0,0,0,0,0,0,0,0,0,0,0,0,0,0.0,0.0,0.0,0.0,0,0,0,0,0,0.00,0.00,0.00,0.00,0,False,False
126,219249,O'Riley,5,3,38,6,0,0,0,0,0,0,0,0,0,0,0,4,2.2,10.5,0.0,1.3,0,1,0,1,0,0.00,0.01,0.01,0.04,1,False,True
127,514254,Gomez,5,3,38,83,0,0,1,0,0,0,0,0,0,0,0,6,2.4,9.0,9.0,2.0,1,2,0,3,1,0.14,0.06,0.20,1.30,3,False,True
128,536916,Buonanotte,5,3,38,0,0,0,0,0,0,0,0,0,0,0,0,0,0.0,0.0,0.0,0.0,0,0,0,0,0,0.00,0.00,0.00,0.00,0,False,False
129,509416,Ayari,5,3,38,90,1,0,1,0,0,0,0,0,0,0,0,38,39.0,6.8,27.0,7.3,0,6,1,7,1,0.31,0.03,0.34,1.33,8,False,True
130,467779,Wieffer,5,2,38,0,0,0,0,0,0,0,0,0,0,0,0,0,0.0,0.0,0.0,0.0,0,0,0,0,0,0.00,0.00,0.00,0.00,0,False,False
131,535301,Baleba,16,3,39,0,0,0,0,0,0,0,0,0,0,0,0,0,0.0,0.0,0.0,0.0,0,0,0,0,0,0.00,0.00,0.00,0.00,0,False,False
132,597320,Howell,5,3,38,0,0,0,0,0,0,0,0,0,0,0,0,0,0.0,0.0,0.0,0.0,0,0,0,0,0,0.00,0.00,0.00,0.00,0,False,False
133,549074,Watson,5,3,38,0,0,0,0,0,0,0,0,0,0,0,0,0,0.0,0.0,0.0,0.0,0,0,0,0,0,0.00,0.00,0.00,0.00,0,False,False
134,556637,Oriola,5,3,38,0,0,0,0,0,0,0,0,0,0,0,0,0,0.0,0.0,0.0,0.0,0,0,0,0,0,0.00,0.00,0.00,0.00,0,False,False
135,700308,Yohanna,5,3,38,0,0,0,0,0,0,0,0,0,0,0,0,0,0.0,0.0,0.0,0.0,0,0,0,0,0,0.00,0.00,0.00,0.00,0,False,False
136,50175,Welbeck,6,4,33,12,0,0,0,0,0,0,0,0,0,0,0,4,7.2,10.6,4.0,2.2,1,0,0,1,0,0.00,0.06,0.06,0.54,1,False,True
137,608181,Tzimas,5,4,38,0,0,0,0,0,0,0,0,0,0,0,0,0,0.0,0.0,0.0,0.0,0,0,0,0,0,0.00,0.00,0.00,0.00,0,False,False
138,647850,Kostoulas,5,4,38,83,1,1,1,0,0,0,0,0,0,0,1,40,33.0,7.0,38.0,7.8,2,4,1,7,1,0.39,0.01,0.40,1.30,10,False,True
139,487117,Ferguson,5,4,38,0,0,0,0,0,0,0,0,0,0,0,0,0,0.0,0.0,0.0,0.0,0,0,0,0,0,0.00,0.00,0.00,0.00,0,False,False
140,215059,Sánchez,6,1,33,0,0,0,0,0,0,0,0,0,0,0,0,0,0.0,0.0,0.0,0.0,0,0,0,0,0,0.00,0.00,0.00,0.00,0,False,False
141,508479,Jörgensen,6,1,33,0,0,0,0,0,0,0,0,0,0,0,0,0,0.0,0.0,0.0,0.0,0,0,0,0,0,0.00,0.00,0.00,0.00,0,False,False
142,225796,James,6,2,33,90,0,0,0,2,0,0,0,0,0,0,0,11,19.8,10.4,15.0,4.5,2,4,2,4,1,0.16,0.14,0.30,1.38,1,False,True
143,180736,Chalobah,6,2,33,0,0,0,0,0,0,0,0,0,0,0,0,0,0.0,0.0,0.0,0.0,0,0,0,0,0,0.00,0.00,0.00,0.00,0,False,False
144,482609,Gusto,6,2,33,77,0,0,0,2,0,0,0,0,0,0,0,7,14.0,23.3,6.0,4.3,5,4,0,5,1,0.04,0.07,0.11,0.84,1,False,True
145,444463,Fofana,6,2,33,85,0,0,0,2,0,0,0,0,0,0,0,10,18.4,4.7,4.0,2.7,4,4,2,6,1,0.00,0.03,0.03,0.89,1,False,True
146,242880,B.Badiashile,6,2,33,0,0,0,0,0,0,0,0,0,0,0,0,0,0.0,0.0,0.0,0.0,0,0,0,0,0,0.00,0.00,0.00,0.00,0,False,False
147,109646,Tosin,19,2,37,5,0,0,0,0,0,0,0,0,0,0,0,5,9.0,0.2,0.0,0.9,2,1,2,4,0,0.00,0.00,0.00,0.03,1,False,True
148,551210,Hato,6,2,33,45,0,0,0,2,0,0,0,0,0,0,0,-8,3.8,2.9,2.0,0.9,2,2,1,3,1,0.00,0.10,0.10,0.44,0,False,True
149,460028,Colwill,6,2,33,90,0,0,0,2,0,0,0,0,0,0,0,8,26.8,12.2,4.0,4.3,6,6,0,6,1,0.00,0.01,0.01,1.38,1,False,True
150,574458,M.Sarr,6,2,33,0,0,0,0,0,0,0,0,0,0,0,0,0,0.0,0.0,0.0,0.0,0,0,0,0,0,0.00,0.00,0.00,0.00,0,False,False
151,577016,Acheampong,6,2,33,0,0,0,0,0,0,0,0,0,0,0,0,0,0.0,0.0,0.0,0.0,0,0,0,0,0,0.00,0.00,0.00,0.00,0,False,False
152,620109,Palestra,6,2,33,0,0,0,0,0,0,0,0,0,0,0,0,0,0.0,0.0,0.0,0.0,0,0,0,0,0,0.00,0.00,0.00,0.00,0,False,False
153,220362,Disasi,8,2,34,33,0,0,0,3,0,0,0,0,1,0,0,-18,2.2,0.1,0.0,0.2,6,2,0,6,1,0.00,0.00,0.00,0.38,-3,False,True
154,244851,Palmer,6,3,33,90,0,1,0,2,0,0,0,0,0,0,0,28,18.6,37.6,12.0,6.8,0,3,0,3,1,0.13,0.25,0.38,1.38,5,False,True
155,448047,Enzo,15,3,39,81,0,0,1,0,0,0,0,1,0,0,0,17,10.4,20.7,15.0,4.6,4,4,2,10,1,0.18,0.13,0.31,0.50,2,False,True
156,247632,Neto,6,3,33,85,0,0,0,2,0,0,0,0,0,0,0,17,15.8,31.3,27.0,7.4,3,3,1,7,1,0.05,0.10,0.15,0.89,2,False,True
157,624773,Estêvão,6,3,33,4,0,0,0,0,0,0,0,0,0,0,0,6,5.0,0.5,21.0,2.7,0,0,1,1,0,0.03,0.07,0.10,0.49,1,False,True
158,463936,Gittens,6,3,33,0,0,0,0,0,0,0,0,0,0,0,0,0,0.0,0.0,0.0,0.0,0,0,0,0,0,0.00,0.00,0.00,0.00,0,False,False
159,486672,Caicedo,6,3,33,0,0,0,0,0,0,0,0,0,0,0,0,0,0.0,0.0,0.0,0.0,0,0,0,0,0,0.00,0.00,0.00,0.00,0,False,False
160,493105,Garnacho,2,3,31,0,0,0,0,0,0,0,0,0,0,0,0,0,0.0,0.0,0.0,0.0,0,0,0,0,0,0.00,0.00,0.00,0.00,0,False,False
161,514356,Lavia,6,3,33,68,0,0,0,2,0,0,0,0,0,0,0,14,7.4,4.9,0.0,1.2,3,5,1,9,1,0.00,0.07,0.07,0.84,2,False,True
162,532605,Andrey Santos,16,3,39,0,0,0,0,0,0,0,0,0,0,0,0,0,0.0,0.0,0.0,0.0,0,0,0,0,0,0.00,0.00,0.00,0.00,0,False,False
163,491007,D.Essugo,6,3,33,0,0,0,0,0,0,0,0,0,0,0,0,0,0.0,0.0,0.0,0.0,0,0,0,0,0,0.00,0.00,0.00,0.00,0,False,False
164,593117,Quenda,6,3,33,0,0,0,0,0,0,0,0,0,0,0,0,0,0.0,0.0,0.0,0.0,0,0,0,0,0,0.00,0.00,0.00,0.00,0,False,False
165,475168,João Pedro,6,4,33,90,1,1,0,2,0,0,0,0,0,0,3,44,54.4,15.7,31.0,10.1,2,0,0,2,1,0.29,0.04,0.33,1.38,12,True,True
166,517052,N.Jackson,2,4,31,45,0,0,0,0,0,0,0,1,0,0,0,0,0.0,2.0,2.0,0.2,0,0,0,0,1,0.00,0.04,0.04,0.39,0,False,True
167,463034,Delap,18,4,31,90,1,0,0,1,0,0,0,1,0,0,0,25,28.6,12.6,38.0,7.9,1,2,1,4,1,0.63,0.08,0.71,0.73,5,False,True
168,499309,Marc Guiu,6,4,33,0,0,0,0,0,0,0,0,0,0,0,0,0,0.0,0.0,0.0,0.0,0,0,0,0,0,0.00,0.00,0.00,0.00,0,False,False
169,567119,Mheuka,6,4,33,0,0,0,0,0,0,0,0,0,0,0,0,0,0.0,0.0,0.0,0.0,0,0,0,0,0,0.00,0.00,0.00,0.00,0,False,False
170,503037,Emegha,6,4,33,0,0,0,0,0,0,0,0,0,0,0,0,0,0.0,0.0,0.0,0.0,0,0,0,0,0,0.00,0.00,0.00,0.00,0,False,False
171,484389,Dovin,7,1,38,0,0,0,0,0,0,0,0,0,0,0,0,0,0.0,0.0,0.0,0.0,0,0,0,0,0,0.00,0.00,0.00,0.00,0,False,False
172,110690,Wilson,7,1,38,0,0,0,0,0,0,0,0,0,0,0,0,0,0.0,0.0,0.0,0.0,0,0,0,0,0,0.00,0.00,0.00,0.00,0,False,False
173,461102,Thomas,7,2,38,90,0,0,0,5,0,0,0,0,0,0,0,-17,6.8,0.4,23.0,3.0,8,2,0,8,1,0.19,0.07,0.26,2.81,0,False,True
174,436761,Kitching,7,2,38,0,0,0,0,0,0,0,0,0,0,0,0,0,0.0,0.0,0.0,0.0,0,0,0,0,0,0.00,0.00,0.00,0.00,0,False,False
175,451284,van Ewijk,7,2,38,90,0,0,0,5,0,0,0,0,0,0,0,-5,18.8,11.6,4.0,3.4,6,3,1,7,1,0.00,0.04,0.04,2.81,0,False,True
176,173878,Dasilva,7,2,38,90,0,0,0,5,0,0,0,0,0,0,0,-7,12.8,26.0,0.0,3.9,3,3,0,3,1,0.00,0.33,0.33,2.81,0,False,True
177,465390,Kesler-Hayden,7,2,38,0,0,0,0,0,0,0,0,0,0,0,0,0,0.0,0.0,0.0,0.0,0,0,0,0,0,0.00,0.00,0.00,0.00,0,False,False
178,80178,Bidwell,7,2,38,0,0,0,0,0,0,0,0,0,0,0,0,0,0.0,0.0,0.0,0.0,0,0,0,0,0,0.00,0.00,0.00,0.00,0,False,False
179,204813,Latibeaudiere,7,2,38,0,0,0,0,0,0,0,0,0,0,0,0,0,0.0,0.0,0.0,0.0,0,0,0,0,0,0.00,0.00,0.00,0.00,0,False,False
180,220583,Woolfenden,7,2,38,0,0,0,0,0,0,0,0,0,0,0,0,0,0.0,0.0,0.0,0.0,0,0,0,0,0,0.00,0.00,0.00,0.00,0,False,False
181,577411,Brau,7,2,38,0,0,0,0,0,0,0,0,0,0,0,0,0,0.0,0.0,0.0,0.0,0,0,0,0,0,0.00,0.00,0.00,0.00,0,False,False
182,539142,Amenda,7,2,38,90,0,0,0,5,0,0,0,0,0,0,0,-12,18.2,10.3,4.0,3.3,8,0,0,8,1,0.00,0.00,0.00,2.81,0,False,True
183,480457,Rudoni,7,3,38,72,0,0,0,3,0,0,0,0,0,0,0,11,10.8,55.5,25.0,9.1,2,3,0,5,1,0.33,0.73,1.06,2.16,2,False,True
184,168144,Grimes,7,3,38,83,0,0,0,4,0,0,0,0,0,0,0,9,5.6,5.8,2.0,1.3,1,1,1,3,1,0.05,0.02,0.07,2.60,2,False,True
185,501459,Sakamoto,7,3,38,0,0,0,0,0,0,0,0,0,0,0,0,0,0.0,0.0,0.0,0.0,0,0,0,0,0,0.00,0.00,0.00,0.00,0,False,False
186,241293,Mason-Clark,7,3,38,59,0,0,0,2,0,0,0,0,0,0,0,5,6.0,1.0,44.0,5.1,2,2,0,4,1,0.49,0.01,0.50,1.37,1,False,True
187,439668,Eccles,7,3,38,0,0,0,0,0,0,0,0,0,0,0,0,0,0.0,0.0,0.0,0.0,0,0,0,0,0,0.00,0.00,0.00,0.00,0,False,False
188,226965,Torp,7,3,38,6,0,0,0,1,0,0,0,0,0,0,0,3,0.4,0.4,0.0,0.1,0,0,0,0,0,0.00,0.00,0.00,0.21,1,False,True
189,684268,Shepherd,7,3,38,0,0,0,0,0,0,0,0,0,0,0,0,0,0.0,0.0,0.0,0.0,0,0,0,0,0,0.00,0.00,0.00,0.00,0,False,False
190,469272,Tchaouna,7,3,38,0,0,0,0,0,0,0,0,0,0,0,0,0,0.0,0.0,0.0,0.0,0,0,0,0,0,0.00,0.00,0.00,0.00,0,False,False
191,492498,Borges Rodrigues,7,3,38,0,0,0,0,0,0,0,0,0,0,0,0,0,0.0,0.0,0.0,0.0,0,0,0,0,0,0.00,0.00,0.00,0.00,0,False,False
192,629397,Andrews,7,3,38,0,0,0,0,0,0,0,0,0,0,0,0,0,0.0,0.0,0.0,0.0,0,0,0,0,0,0.00,0.00,0.00,0.00,0,False,False
193,176412,Wright,7,4,38,0,0,0,0,0,0,0,0,0,0,0,0,0,0.0,0.0,0.0,0.0,0,0,0,0,0,0.00,0.00,0.00,0.00,0,False,False
194,230730,Thomas-Asante,7,4,38,17,0,0,0,2,0,0,0,0,0,0,0,7,6.0,0.5,26.0,3.3,0,0,0,0,0,0.21,0.03,0.24,0.64,1,False,True
195,218997,Simms,7,4,38,0,0,0,0,0,0,0,0,0,0,0,0,0,0.0,0.0,0.0,0.0,0,0,0,0,0,0.00,0.00,0.00,0.00,0,False,False
196,551262,Markelo,7,4,38,0,0,0,0,0,0,0,0,0,0,0,0,0,0.0,0.0,0.0,0.0,0,0,0,0,0,0.00,0.00,0.00,0.00,0,False,False
197,549653,Bassette,7,4,38,0,0,0,0,0,0,0,0,0,0,0,0,0,0.0,0.0,0.0,0.0,0,0,0,0,0,0.00,0.00,0.00,0.00,0,False,False
198,172649,Henderson,8,1,34,0,0,0,0,0,0,0,0,0,0,0,0,0,0.0,0.0,0.0,0.0,0,0,0,0,0,0.00,0.00,0.00,0.00,0,False,False
199,121709,Benitez,8,1,34,90,0,0,0,3,0,0,0,0,0,3,0,3,18.8,0.0,0.0,1.9,1,7,0,0,1,0.00,0.00,0.00,1.68,2,False,True
200,437499,Lacroix,6,2,33,4,0,0,0,0,0,0,0,0,0,0,0,4,3.6,0.0,0.0,0.4,2,0,1,3,0,0.00,0.00,0.00,0.49,1,False,True
201,247348,Muñoz,18,2,31,90,0,0,0,1,0,0,0,0,0,0,0,23,31.6,55.9,39.0,12.7,3,4,4,7,1,0.22,0.18,0.40,0.82,2,False,True
202,427623,Richards,8,2,34,90,0,0,0,3,0,0,0,1,0,0,0,2,22.4,5.9,0.0,2.8,12,6,1,13,1,0.00,0.06,0.06,1.68,2,False,True
203,651426,Canvot,8,2,34,0,0,0,0,0,0,0,0,0,0,0,0,0,0.0,0.0,0.0,0.0,0,0,0,0,0,0.00,0.00,0.00,0.00,0,False,False
204,244723,Mitchell,8,2,34,76,0,0,0,2,0,0,0,0,0,0,0,6,7.8,18.1,0.0,2.6,1,8,0,1,1,0.00,0.06,0.06,1.13,1,False,True
205,218364,Sosa,8,2,34,0,0,0,0,0,0,0,0,0,0,0,0,0,0.0,0.0,0.0,0.0,0,0,0,0,0,0.00,0.00,0.00,0.00,0,False,False
206,515621,Chadi Riad,8,2,34,0,0,0,0,0,0,0,0,0,0,0,0,0,0.0,0.0,0.0,0.0,0,0,0,0,0,0.00,0.00,0.00,0.00,0,False,False
207,242313,Mingueza,8,2,34,0,0,0,0,0,0,0,0,0,0,0,0,0,0.0,0.0,0.0,0.0,0,0,0,0,0,0.00,0.00,0.00,0.00,0,False,False
208,232185,Sarr,8,3,34,0,0,0,0,0,0,0,0,0,0,0,0,0,0.0,0.0,0.0,0.0,0,0,0,0,0,0.00,0.00,0.00,0.00,0,False,False
209,242898,Johnson,9,3,37,74,0,0,1,0,0,0,0,0,0,0,0,13,11.2,29.0,6.0,4.6,2,2,2,6,1,0.16,0.18,0.34,0.43,3,False,True
210,496221,Wharton,8,3,34,76,0,0,0,2,0,0,0,0,0,0,0,13,5.2,11.8,3.0,2.0,1,3,1,5,1,0.08,0.04,0.12,1.13,2,False,True
211,488024,Yeremy,8,3,34,36,0,0,0,1,0,0,0,0,0,0,0,4,0.0,2.7,2.0,0.5,0,1,0,1,1,0.00,0.01,0.01,0.38,1,False,True
212,108413,Hughes,8,3,34,13,0,0,0,1,0,0,0,0,0,0,0,6,5.6,15.0,0.0,2.1,1,2,1,4,0,0.00,0.04,0.04,0.55,1,False,True
213,152551,Lerma,8,3,34,6,0,0,0,1,0,0,0,0,0,0,0,3,2.2,0.3,0.0,0.3,1,0,0,1,0,0.00,0.00,0.00,0.48,1,False,True
214,209400,Kamada,8,3,34,83,0,2,0,2,0,0,0,0,0,0,0,30,36.2,21.9,2.0,6.0,0,0,1,1,1,0.00,0.05,0.05,1.20,8,False,True
215,489706,Devenny,8,3,34,0,0,0,0,0,0,0,0,0,0,0,0,0,0.0,0.0,0.0,0.0,0,0,0,0,0,0.00,0.00,0.00,0.00,0,False,False
216,606921,Esse,8,3,34,0,0,0,0,0,0,0,0,0,0,0,0,0,0.0,0.0,0.0,0.0,0,0,0,0,0,0.00,0.00,0.00,0.00,0,False,False
217,536694,M.França,8,3,34,0,0,0,0,0,0,0,0,0,0,0,0,0,0.0,0.0,0.0,0.0,0,0,0,0,0,0.00,0.00,0.00,0.00,0,False,False
218,438464,Doucouré,8,3,34,0,0,0,0,0,0,0,0,0,0,0,0,0,0.0,0.0,0.0,0.0,0,0,0,0,0,0.00,0.00,0.00,0.00,0,False,False
219,450542,J.Rak-Sakyi,8,3,34,0,0,0,0,0,0,0,0,0,0,0,0,0,0.0,0.0,0.0,0.0,0,0,0,0,0,0.00,0.00,0.00,0.00,0,False,False
220,590014,Cardines,8,2,34,0,0,0,0,0,0,0,0,0,0,0,0,0,0.0,0.0,0.0,0.0,0,0,0,0,0,0.00,0.00,0.00,0.00,0,False,False
221,672492,Drakes-Thomas,8,3,34,0,0,0,0,0,0,0,0,0,0,0,0,0,0.0,0.0,0.0,0.0,0,0,0,0,0,0.00,0.00,0.00,0.00,0,False,False
222,247412,Strand Larsen,8,4,34,83,1,0,0,2,0,0,0,0,0,0,2,39,40.8,12.8,31.0,8.5,0,1,1,2,1,0.09,0.02,0.11,1.20,8,False,True
223,231747,Mateta,8,4,34,0,0,0,0,0,0,0,0,0,0,0,0,0,0.0,0.0,0.0,0.0,0,0,0,0,0,0.00,0.00,0.00,0.00,0,False,False
224,205533,Nketiah,8,4,34,0,0,0,0,0,0,0,0,0,0,0,0,0,0.0,0.0,0.0,0.0,0,0,0,0,0,0.00,0.00,0.00,0.00,0,False,False
225,660392,Uche,8,4,34,0,0,0,0,0,0,0,0,0,0,0,0,0,0.0,0.0,0.0,0.0,0,0,0,0,0,0.00,0.00,0.00,0.00,0,False,False
226,111234,Pickford,9,1,37,90,0,0,1,0,0,0,0,0,0,2,0,25,11.6,0.0,0.0,1.2,2,11,0,0,1,0.00,0.00,0.00,0.69,6,False,True
227,229600,Travers,9,1,37,0,0,0,0,0,0,0,0,0,0,0,0,0,0.0,0.0,0.0,0.0,0,0,0,0,0,0.00,0.00,0.00,0.00,0,False,False
228,138001,King,9,1,37,0,0,0,0,0,0,0,0,0,0,0,0,0,0.0,0.0,0.0,0.0,0,0,0,0,0,0.00,0.00,0.00,0.00,0,False,False
229,17761,Tarkowski,9,2,37,90,0,0,1,0,0,0,0,0,0,0,2,32,19.2,1.8,0.0,2.1,3,3,5,8,1,0.00,0.01,0.01,0.69,8,False,True
230,480455,Branthwaite,9,2,37,90,0,0,1,0,0,0,0,0,0,0,0,27,30.0,3.4,0.0,3.3,8,2,1,9,1,0.00,0.00,0.00,0.69,6,False,True
231,106611,Keane,9,2,37,0,0,0,0,0,0,0,0,0,0,0,0,0,0.0,0.0,0.0,0.0,0,0,0,0,0,0.00,0.00,0.00,0.00,0,False,False
232,512462,O'Brien,9,2,37,15,0,0,0,0,0,0,0,0,0,0,0,2,1.0,0.0,0.0,0.1,1,1,0,1,0,0.00,0.00,0.00,0.26,1,False,True
233,224967,Mykolenko,9,2,37,90,0,0,1,0,0,0,0,0,0,0,3,38,24.4,11.3,4.0,4.0,4,4,7,11,1,0.00,0.07,0.07,0.69,11,True,True
234,243571,Patterson,9,2,37,0,0,0,0,0,0,0,0,0,0,0,0,0,0.0,0.0,0.0,0.0,0,0,0,0,0,0.00,0.00,0.00,0.00,0,False,False
235,499300,Aznou,9,2,37,0,0,0,0,0,0,0,0,0,0,0,0,0,0.0,0.0,0.0,0.0,0,0,0,0,0,0.00,0.00,0.00,0.00,0,False,False
236,215413,Dewsbury-Hall,9,3,37,90,0,0,1,0,0,0,0,1,0,0,0,16,15.0,19.0,28.0,6.2,2,4,0,6,1,0.17,0.09,0.26,0.69,2,False,True
237,440993,Ndiaye,15,3,39,45,0,0,0,0,0,0,0,0,0,0,0,15,9.8,1.8,2.0,1.4,3,6,1,10,0,0.00,0.01,0.01,0.80,1,False,True
238,114283,Grealish,9,3,37,25,0,0,0,0,0,0,0,0,0,0,0,4,3.4,1.2,2.0,0.7,2,1,1,4,0,0.00,0.01,0.01,0.30,1,False,True
239,232928,Garner,9,3,37,90,0,0,1,0,0,0,0,1,0,0,0,23,23.6,5.1,7.0,3.6,3,8,6,17,1,0.04,0.02,0.06,0.69,4,False,True
240,490094,Iroegbunam,11,3,33,21,0,0,0,0,0,0,0,1,0,0,0,2,3.0,0.2,0.0,0.3,1,0,1,2,0,0.00,0.00,0.00,0.35,0,False,True
241,433154,McNeil,8,3,34,0,0,0,0,0,0,0,0,0,0,0,0,0,0.0,0.0,0.0,0.0,0,0,0,0,0,0.00,0.00,0.00,0.00,0,False,False
242,550615,George,9,3,37,64,0,0,1,0,0,0,0,0,0,0,0,13,6.4,15.4,5.0,2.7,1,2,0,3,1,0.05,0.15,0.20,0.39,3,False,True
243,502697,Alcaraz,9,3,37,0,0,0,0,0,0,0,0,0,0,0,0,0,0.0,0.0,0.0,0.0,0,0,0,0,0,0.00,0.00,0.00,0.00,0,False,False
244,609873,Armstrong,9,3,37,90,0,0,1,0,0,0,0,0,0,0,0,6,12.4,4.5,2.0,1.9,3,2,0,5,1,0.00,0.02,0.02,0.69,3,False,True
245,496661,Dibling,9,3,37,0,0,0,0,0,0,0,0,0,0,0,0,0,0.0,0.0,0.0,0.0,0,0,0,0,0,0.00,0.00,0.00,0.00,0,False,False
246,513466,Röhl,9,3,37,0,0,0,0,0,0,0,0,0,0,0,0,0,0.0,0.0,0.0,0.0,0,0,0,0,0,0.00,0.00,0.00,0.00,0,False,False
247,244860,Hackney,9,3,37,15,0,0,0,0,0,0,0,0,0,0,0,3,3.2,10.8,4.0,1.8,1,0,0,1,0,0.00,0.02,0.02,0.26,1,False,True
248,486385,Beto,9,4,37,0,0,0,0,0,0,0,0,0,0,0,0,0,0.0,0.0,0.0,0.0,0,0,0,0,0,0.00,0.00,0.00,0.00,0,False,False
249,586309,Barry,9,4,37,90,0,0,1,0,0,0,0,0,0,0,0,5,3.2,14.0,57.0,7.4,1,1,0,2,1,0.67,0.03,0.70,0.69,2,False,True
250,80201,Leno,10,1,35,90,0,0,1,0,0,0,0,0,0,3,2,29,25.4,0.0,0.0,2.5,1,8,0,0,1,0.00,0.00,0.00,1.28,9,False,True
251,86873,Lecomte,10,1,35,0,0,0,0,0,0,0,0,0,0,0,0,0,0.0,0.0,0.0,0.0,0,0,0,0,0,0.00,0.00,0.00,0.00,0,False,False
252,505079,McNally,10,1,35,0,0,0,0,0,0,0,0,0,0,0,0,0,0.0,0.0,0.0,0.0,0,0,0,0,0,0.00,0.00,0.00,0.00,0,False,False
253,174874,Andersen,10,2,35,0,0,0,0,0,0,0,0,0,0,0,0,0,0.0,0.0,0.0,0.0,0,0,0,0,0,0.00,0.00,0.00,0.00,0,False,False
254,169528,Robinson,10,2,35,90,0,0,1,0,0,0,0,0,0,0,0,25,17.6,22.1,6.0,4.6,7,4,2,9,1,0.05,0.05,0.10,1.28,6,False,True
255,246301,J.Cuenca,10,2,35,0,0,0,0,0,0,0,0,0,0,0,0,0,0.0,0.0,0.0,0.0,0,0,0,0,0,0.00,0.00,0.00,0.00,0,False,False
256,167074,Tete,10,2,35,27,0,0,0,0,0,0,0,1,0,0,0,-1,1.6,0.3,2.0,0.4,3,0,0,3,0,0.00,0.00,0.00,0.65,0,False,True
257,232892,Bassey,10,2,35,90,0,0,1,0,0,0,0,0,0,0,0,27,23.4,0.7,21.0,4.5,7,3,1,8,1,0.05,0.00,0.05,1.28,6,False,True
258,166477,Castagne,10,2,35,71,0,0,1,0,0,0,0,0,0,0,0,23,11.2,0.8,2.0,1.4,3,3,2,5,1,0.00,0.01,0.01,0.74,6,False,True
259,219924,Diop,12,2,34,90,0,0,0,2,0,0,0,0,0,0,0,8,15.0,1.8,2.0,1.9,6,5,1,7,1,0.00,0.13,0.13,0.62,1,False,True
260,153682,Wilson,13,3,40,18,0,0,0,1,0,0,0,0,0,0,0,4,3.2,4.7,0.0,0.8,1,0,1,2,0,0.00,0.03,0.03,0.30,1,False,True
261,153133,Iwobi,10,3,35,76,0,0,1,0,0,0,0,0,0,0,0,15,7.6,33.7,10.0,5.1,0,3,1,4,1,0.15,0.11,0.26,0.81,3,False,True
262,209289,Smith Rowe,10,3,35,13,0,0,0,0,0,0,0,0,0,0,0,3,1.2,0.5,0.0,0.2,1,1,0,2,0,0.00,0.00,0.00,0.46,1,False,True
263,560552,Kevin,10,3,35,18,0,0,0,0,0,0,0,0,0,0,0,4,0.2,3.3,1.0,0.5,0,2,1,3,0,0.03,0.07,0.10,0.54,1,False,True
264,477555,Bobb,10,3,35,62,0,0,1,0,0,0,0,0,0,0,0,12,10.0,30.0,4.0,4.4,2,4,1,7,1,0.00,0.13,0.13,0.63,3,False,True
265,207189,Berge,10,3,35,90,0,0,1,0,0,0,0,0,0,0,0,14,18.6,11.7,6.0,3.6,4,2,3,9,1,0.00,0.01,0.01,1.28,3,False,True
266,76357,Cairney,10,3,35,0,0,0,0,0,0,0,0,0,0,0,0,0,0.0,0.0,0.0,0.0,0,0,0,0,0,0.00,0.00,0.00,0.00,0,False,False
267,212314,Lukić,12,3,34,76,0,0,0,2,0,0,0,1,0,0,0,8,10.2,23.5,2.0,3.6,5,4,1,10,1,0.00,0.10,0.10,0.35,1,False,True
268,577725,King,10,3,35,76,0,0,1,0,0,0,0,0,0,0,0,19,11.4,14.3,37.0,6.3,0,2,2,4,1,0.21,0.09,0.30,0.81,3,False,True
269,184349,Sessegnon,10,2,35,0,0,0,0,0,0,0,0,0,0,0,0,0,0.0,0.0,0.0,0.0,0,0,0,0,0,0.00,0.00,0.00,0.00,0,False,False
270,153366,Reed,10,3,35,0,0,0,0,0,0,0,0,0,0,0,0,0,0.0,0.0,0.0,0.0,0,0,0,0,0,0.00,0.00,0.00,0.00,0,False,False
271,244042,Muniz,10,4,35,13,0,0,0,0,0,0,0,0,0,0,0,4,2.0,0.3,2.0,0.4,1,0,0,1,0,0.00,0.00,0.00,0.46,1,False,True
272,631786,Kusi-Asare,10,4,35,0,0,0,0,0,0,0,0,0,0,0,0,0,0.0,0.0,0.0,0.0,0,0,0,0,0,0.00,0.00,0.00,0.00,0,False,False
273,167825,Phillips,11,1,33,0,0,0,0,0,0,0,0,0,0,0,0,0,0.0,0.0,0.0,0.0,0,0,0,0,0,0.00,0.00,0.00,0.00,0,False,False
274,105666,Butland,11,1,33,0,0,0,0,0,0,0,0,0,0,0,0,0,0.0,0.0,0.0,0.0,0,0,0,0,0,0.00,0.00,0.00,0.00,0,False,False
275,494950,Cartwright,11,1,33,0,0,0,0,0,0,0,0,0,0,0,0,0,0.0,0.0,0.0,0.0,0,0,0,0,0,0.00,0.00,0.00,0.00,0,False,False
276,444307,Lo-Tutala,11,1,33,0,0,0,0,0,0,0,0,0,0,0,0,0,0.0,0.0,0.0,0.0,0,0,0,0,0,0.00,0.00,0.00,0.00,0,False,False
277,108416,Egan,11,2,33,90,0,0,0,2,0,0,0,1,0,0,0,-1,14.2,0.5,6.0,2.1,12,6,2,14,1,0.04,0.00,0.04,0.91,2,False,True
278,501902,Hughes,11,2,33,0,0,0,0,0,0,0,0,0,0,0,0,0,0.0,0.0,0.0,0.0,0,0,0,0,0,0.00,0.00,0.00,0.00,0,False,False
279,146426,Ajayi,11,2,33,90,0,0,0,2,0,0,0,0,0,0,0,-6,5.4,1.3,6.0,1.3,2,2,1,3,1,0.13,0.00,0.13,0.91,1,False,True
280,193278,Coyle,11,2,33,81,0,0,0,2,0,0,0,0,0,0,0,2,5.6,10.9,5.0,2.2,2,4,1,3,1,0.13,0.01,0.14,0.72,1,False,True
281,433590,Drameh,11,2,33,0,0,0,0,0,0,0,0,0,0,0,0,0,0.0,0.0,0.0,0.0,0,0,0,0,0,0.00,0.00,0.00,0.00,0,False,False
282,232351,Giles,11,2,33,90,0,1,0,2,0,0,0,0,0,0,0,20,32.4,33.5,0.0,6.6,6,2,1,7,1,0.00,0.17,0.17,0.91,4,False,True
283,449428,Jacob,11,2,33,0,0,0,0,0,0,0,0,0,0,0,0,0,0.0,0.0,0.0,0.0,0,0,0,0,0,0.00,0.00,0.00,0.00,0,False,False
284,661800,McCarthy,11,2,33,0,0,0,0,0,0,0,0,0,0,0,0,0,0.0,0.0,0.0,0.0,0,0,0,0,0,0.00,0.00,0.00,0.00,0,False,False
285,160817,McNair,11,2,33,0,0,0,0,0,0,0,0,0,0,0,0,0,0.0,0.0,0.0,0.0,0,0,0,0,0,0.00,0.00,0.00,0.00,0,False,False
286,540324,Belloumi,11,3,33,59,2,0,0,1,0,0,0,0,0,0,2,43,68.2,11.7,31.0,11.1,0,0,1,1,1,0.17,0.06,0.23,0.26,13,True,True
287,232905,Millar,11,3,33,0,0,0,0,0,0,0,0,0,0,0,0,0,0.0,0.0,0.0,0.0,0,0,0,0,0,0.00,0.00,0.00,0.00,0,False,False
288,171270,Dowell,11,3,33,0,0,0,0,0,0,0,0,0,0,0,0,0,0.0,0.0,0.0,0.0,0,0,0,0,0,0.00,0.00,0.00,0.00,0,False,False
289,101282,Crooks,11,3,33,68,0,0,0,2,0,0,0,1,0,0,0,2,11.0,0.4,0.0,1.1,5,3,2,10,1,0.00,0.00,0.00,0.55,1,False,True
290,243413,Slater,11,3,33,90,0,0,0,2,0,0,0,0,0,0,0,22,19.2,26.9,7.0,5.3,3,5,3,11,1,0.04,0.10,0.14,0.91,2,False,True
291,465525,Matazo,11,3,33,0,0,0,0,0,0,0,0,0,0,0,0,0,0.0,0.0,0.0,0.0,0,0,0,0,0,0.00,0.00,0.00,0.00,0,False,False
292,208481,Ömür,11,3,33,0,0,0,0,0,0,0,0,0,0,0,0,0,0.0,0.0,0.0,0.0,0,0,0,0,0,0.00,0.00,0.00,0.00,0,False,False
293,490161,Kamara,11,3,33,0,0,0,0,0,0,0,0,0,0,0,0,0,0.0,0.0,0.0,0.0,0,0,0,0,0,0.00,0.00,0.00,0.00,0,False,False
294,553783,Zambrano,11,3,33,0,0,0,0,0,0,0,0,0,0,0,0,0,0.0,0.0,0.0,0.0,0,0,0,0,0,0.00,0.00,0.00,0.00,0,False,False
295,169432,McBurnie,11,4,33,81,0,1,0,2,0,0,0,1,0,0,0,17,23.6,10.8,19.0,5.3,2,0,1,3,1,0.33,0.04,0.37,0.72,4,False,True
296,213292,Akintola,11,3,33,0,0,0,0,0,0,0,0,0,0,0,0,0,0.0,0.0,0.0,0.0,0,0,0,0,0,0.00,0.00,0.00,0.00,0,False,False
297,470294,Gyabi,11,3,33,0,0,0,0,0,0,0,0,0,0,0,0,0,0.0,0.0,0.0,0.0,0,0,0,0,0,0.00,0.00,0.00,0.00,0,False,False
298,500957,Destan,11,4,33,0,0,0,0,0,0,0,0,0,0,0,0,0,0.0,0.0,0.0,0.0,0,0,0,0,0,0.00,0.00,0.00,0.00,0,False,False
299,534392,Burstow,11,4,33,0,0,0,0,0,0,0,0,0,0,0,0,0,0.0,0.0,0.0,0.0,0,0,0,0,0,0.00,0.00,0.00,0.00,0,False,False
300,108813,Walton,12,1,34,0,0,0,0,0,0,0,0,0,0,0,0,0,0.0,0.0,0.0,0.0,0,0,0,0,0,0.00,0.00,0.00,0.00,0,False,False
301,112520,Palmer,12,1,34,0,0,0,0,0,0,0,0,0,0,0,0,0,0.0,0.0,0.0,0.0,0,0,0,0,0,0.00,0.00,0.00,0.00,0,False,False
302,50093,Button,12,1,34,0,0,0,0,0,0,0,0,0,0,0,0,0,0.0,0.0,0.0,0.0,0,0,0,0,0,0.00,0.00,0.00,0.00,0,False,False
303,183015,Kipré,12,2,34,0,0,0,0,0,0,0,0,0,0,0,0,0,0.0,0.0,0.0,0.0,0,0,0,0,0,0.00,0.00,0.00,0.00,0,False,False
304,216616,O'Shea,12,2,34,90,0,0,0,2,0,0,0,0,0,0,0,5,29.6,30.8,4.0,6.4,7,2,2,9,1,0.00,0.08,0.08,0.62,1,False,True
305,455084,Davis,12,2,34,90,1,2,0,2,0,0,0,0,0,0,1,35,54.8,17.1,39.0,11.1,2,0,0,2,1,0.52,0.19,0.71,0.62,14,True,True
306,449429,Greaves,12,2,34,87,0,0,0,2,0,0,0,0,0,0,0,7,18.8,2.0,0.0,2.1,6,4,0,6,1,0.00,0.01,0.01,0.62,1,False,True
307,222018,Johnson,12,2,34,0,0,0,0,0,0,0,0,0,0,0,0,0,0.0,0.0,0.0,0.0,0,0,0,0,0,0.00,0.00,0.00,0.00,0,False,False
308,176420,Furlong,12,2,34,0,0,0,0,0,0,0,0,0,0,0,0,0,0.0,0.0,0.0,0.0,0,0,0,0,0,0.00,0.00,0.00,0.00,0,False,False
309,501390,Núñez,12,3,34,0,0,0,0,0,0,0,0,0,0,0,0,0,0.0,0.0,0.0,0.0,0,0,0,0,0,0.00,0.00,0.00,0.00,0,False,False
310,241117,Matusiwa,12,3,34,0,0,0,0,0,0,0,0,0,0,0,0,0,0.0,0.0,0.0,0.0,0,0,0,0,0,0.00,0.00,0.00,0.00,0,False,False
311,149929,Burns,12,3,34,0,0,0,0,0,0,0,0,0,0,0,0,0,0.0,0.0,0.0,0.0,0,0,0,0,0,0.00,0.00,0.00,0.00,0,False,False
312,231899,Taylor,12,3,34,0,0,0,0,0,0,0,0,0,0,0,0,0,0.0,0.0,0.0,0.0,0,0,0,0,0,0.00,0.00,0.00,0.00,0,False,False
313,443261,Clarke,12,3,34,62,0,0,0,1,0,0,0,1,0,0,0,8,5.0,13.0,21.0,3.9,0,1,1,2,1,0.15,0.02,0.17,0.20,1,False,True
314,229164,Ogbene,12,3,34,0,0,0,0,0,0,0,0,0,0,0,0,0,0.0,0.0,0.0,0.0,0,0,0,0,0,0.00,0.00,0.00,0.00,0,False,False
315,531442,Fatawu,12,3,34,61,0,0,0,1,0,0,0,1,0,0,0,6,6.2,11.3,6.0,2.4,2,3,2,7,1,0.00,0.05,0.05,0.20,1,False,True
316,543968,Emersonn,12,4,34,62,1,1,0,1,0,0,0,0,0,0,3,45,46.6,12.4,33.0,9.2,0,2,0,2,1,0.44,0.05,0.49,0.20,12,True,True
317,222625,Hirst,12,4,34,0,0,0,0,0,0,0,0,0,0,0,0,0,0.0,0.0,0.0,0.0,0,0,0,0,0,0.00,0.00,0.00,0.00,0,False,False
318,481624,Philogene,12,3,34,28,0,0,0,1,0,0,0,0,0,0,0,6,3.4,0.8,9.0,1.3,0,3,0,3,0,0.02,0.00,0.01,0.41,1,False,True
319,172453,Szmodics,12,3,34,0,0,0,0,0,0,0,0,0,0,0,0,0,0.0,0.0,0.0,0.0,0,0,0,0,0,0.00,0.00,0.00,0.00,0,False,False
320,147675,Akpom,12,4,34,0,0,0,0,0,0,0,0,0,0,0,0,0,0.0,0.0,0.0,0.0,0,0,0,0,0,0.00,0.00,0.00,0.00,0,False,False
321,557012,Walle Egeli,12,4,34,0,0,0,0,0,0,0,0,0,0,0,0,0,0.0,0.0,0.0,0.0,0,0,0,0,0,0.00,0.00,0.00,0.00,0,False,False
322,462387,Al-Hamadi,12,4,34,0,0,0,0,0,0,0,0,0,0,0,0,0,0.0,0.0,0.0,0.0,0,0,0,0,0,0.00,0.00,0.00,0.00,0,False,False
323,461587,McAteer,12,3,34,0,0,0,0,0,0,0,0,0,0,0,0,0,0.0,0.0,0.0,0.0,0,0,0,0,0,0.00,0.00,0.00,0.00,0,False,False
324,232457,Mehmeti,12,3,34,0,0,0,0,0,0,0,0,0,0,0,0,0,0.0,0.0,0.0,0.0,0,0,0,0,0,0.00,0.00,0.00,0.00,0,False,False
325,59735,Darlow,16,1,39,0,0,0,0,0,0,0,0,0,0,0,0,0,0.0,0.0,0.0,0.0,0,0,0,0,0,0.00,0.00,0.00,0.00,0,False,False
326,201595,Perri,13,1,40,0,0,0,0,0,0,0,0,0,0,0,0,0,0.0,0.0,0.0,0.0,0,0,0,0,0,0.00,0.00,0.00,0.00,0,False,False
327,434752,Bijol,13,2,40,0,0,0,0,0,0,0,0,0,0,0,0,0,0.0,0.0,0.0,0.0,0,0,0,0,0,0.00,0.00,0.00,0.00,0,False,False
328,222694,Struijk,5,2,38,12,0,0,0,0,0,0,0,0,0,0,0,4,11.2,0.8,0.0,1.2,4,0,0,4,0,0.00,0.01,0.01,0.22,1,False,True
329,214225,Rodon,13,2,40,0,0,0,0,0,0,0,0,0,0,0,0,0,0.0,0.0,0.0,0.0,0,0,0,0,0,0.00,0.00,0.00,0.00,0,False,False
330,226182,Bogle,13,2,40,82,1,0,1,0,0,0,0,0,0,0,3,45,47.8,18.5,71.0,13.7,1,1,2,3,1,0.41,0.05,0.46,0.59,15,True,True
331,243526,Gudmundsson,13,2,40,72,0,0,1,0,0,0,0,0,0,0,0,26,10.0,8.6,4.0,2.3,1,2,3,4,1,0.00,0.18,0.18,0.58,6,False,True
332,220627,Justin,13,2,40,90,0,0,0,1,0,0,0,0,0,0,0,11,18.4,25.6,4.0,4.8,3,1,2,5,1,0.00,0.28,0.28,0.88,2,False,True
333,437738,Bornauw,13,2,40,0,0,0,0,0,0,0,0,0,0,0,0,0,0.0,0.0,0.0,0.0,0,0,0,0,0,0.00,0.00,0.00,0.00,0,False,False
334,522047,Muharemović,13,2,40,90,0,1,0,1,0,0,0,0,0,0,0,27,37.0,10.5,2.0,5.0,10,5,1,11,1,0.00,0.02,0.02,0.88,7,False,True
335,466525,Stach,13,3,40,87,0,0,1,0,0,0,0,0,0,0,0,16,12.0,40.4,12.0,6.4,3,5,2,10,1,0.43,0.07,0.50,0.59,3,False,True
336,435997,Okafor,13,3,40,71,1,0,1,0,0,0,0,0,0,0,1,35,41.4,17.8,21.0,8.0,1,3,2,6,1,0.07,0.08,0.15,0.58,9,False,True
337,427637,Aaronson,13,3,40,18,0,0,0,1,0,0,0,0,0,0,0,4,0.2,0.3,2.0,0.3,0,1,0,1,0,0.00,0.00,0.00,0.30,1,False,True
338,199598,Ampadu,13,3,40,90,0,1,0,1,0,0,0,0,0,0,0,25,8.0,1.7,4.0,1.4,2,9,1,12,1,0.07,0.02,0.09,0.88,7,False,True
339,180135,Longstaff,13,3,40,2,0,0,0,1,0,0,0,0,0,0,0,4,0.0,0.0,0.0,0.0,0,0,0,0,0,0.00,0.00,0.00,0.28,1,False,True
340,462635,Gelhardt,11,3,33,0,0,0,0,0,0,0,0,0,0,0,0,0,0.0,0.0,0.0,0.0,0,0,0,0,0,0.00,0.00,0.00,0.00,0,False,False
341,492859,Gnonto,13,3,40,0,0,0,0,0,0,0,0,0,0,0,0,0,0.0,0.0,0.0,0.0,0,0,0,0,0,0.00,0.00,0.00,0.00,0,False,False
342,221399,Harrison,13,3,40,0,0,0,0,0,0,0,0,0,0,0,0,0,0.0,0.0,0.0,0.0,0,0,0,0,0,0.00,0.00,0.00,0.00,0,False,False
343,200617,James,13,3,40,7,0,0,0,1,0,0,0,0,0,0,0,4,0.0,0.0,3.0,0.3,0,2,0,2,0,0.11,0.00,0.11,0.28,1,False,True
344,486520,Gruev,13,3,40,0,0,0,0,0,0,0,0,0,0,0,0,0,0.0,0.0,0.0,0.0,0,0,0,0,0,0.00,0.00,0.00,0.00,0,False,False
345,248056,Tanaka,13,3,40,71,0,1,1,0,0,0,0,0,0,0,0,24,9.2,3.1,2.0,1.4,1,2,2,5,1,0.06,0.03,0.09,0.58,6,False,True
346,177815,Calvert-Lewin,13,4,40,77,1,1,1,0,0,0,0,1,0,0,2,37,51.0,12.2,67.0,13.0,1,4,0,5,1,0.87,0.00,0.87,0.59,10,False,True
347,174594,Nmecha,13,4,40,12,0,0,0,1,0,0,0,0,0,0,0,4,0.2,0.3,0.0,0.1,0,1,0,1,0,0.00,0.01,0.01,0.28,1,False,True
348,235826,Piroe,13,4,40,0,0,0,0,0,0,0,0,0,0,0,0,0,0.0,0.0,0.0,0.0,0,0,0,0,0,0.00,0.00,0.00,0.00,0,False,False
349,565297,Mateo Joseph,13,4,40,0,0,0,0,0,0,0,0,0,0,0,0,0,0.0,0.0,0.0,0.0,0,0,0,0,0,0.00,0.00,0.00,0.00,0,False,False
350,116535,A.Becker,14,1,35,90,0,0,1,0,0,0,0,0,0,3,2,29,21.0,0.0,0.0,2.1,0,14,0,0,1,0.00,0.00,0.00,0.70,9,False,True
351,449027,Mamardashvili,14,1,35,0,0,0,0,0,0,0,0,0,0,0,0,0,0.0,0.0,0.0,0.0,0,0,0,0,0,0.00,0.00,0.00,0.00,0,False,False
352,155503,Woodman,14,1,35,0,0,0,0,0,0,0,0,0,0,0,0,0,0.0,0.0,0.0,0.0,0,0,0,0,0,0.00,0.00,0.00,0.00,0,False,False
353,586268,Pecsi,14,1,35,0,0,0,0,0,0,0,0,0,0,0,0,0,0.0,0.0,0.0,0.0,0,0,0,0,0,0.00,0.00,0.00,0.00,0,False,False
354,432987,Jaros,14,1,35,0,0,0,0,0,0,0,0,0,0,0,0,0,0.0,0.0,0.0,0.0,0,0,0,0,0,0.00,0.00,0.00,0.00,0,False,False
355,464353,Davies,14,1,35,0,0,0,0,0,0,0,0,0,0,0,0,0,0.0,0.0,0.0,0.0,0,0,0,0,0,0.00,0.00,0.00,0.00,0,False,False
356,97032,Virgil,14,2,35,90,0,0,1,0,0,0,0,0,0,0,0,25,25.8,12.8,0.0,3.9,10,1,0,10,1,0.00,0.01,0.01,0.70,8,False,True
357,216094,Frimpong,14,2,35,18,0,0,0,0,0,0,0,0,0,0,0,12,13.0,24.9,2.0,4.0,3,1,1,4,0,0.00,0.12,0.12,0.10,1,False,True
358,544877,Kerkez,14,2,35,45,0,0,0,0,0,0,0,0,0,0,0,6,9.8,7.1,0.0,1.7,2,0,1,3,0,0.00,0.01,0.01,0.30,1,False,True
359,171287,Gomez,14,2,35,0,0,0,0,0,0,0,0,0,0,0,0,0,0.0,0.0,0.0,0.0,0,0,0,0,0,0.00,0.00,0.00,0.00,0,False,False
360,492777,Bradley,14,2,35,0,0,0,0,0,0,0,0,0,0,0,0,0,0.0,0.0,0.0,0.0,0,0,0,0,0,0.00,0.00,0.00,0.00,0,False,False
361,519440,Lucky,14,2,35,0,0,0,0,0,0,0,0,0,0,0,0,0,0.0,0.0,0.0,0.0,0,0,0,0,0,0.00,0.00,0.00,0.00,0,False,False
362,606702,Jacquet,14,2,35,90,0,0,1,0,0,0,0,0,0,0,3,36,20.2,3.3,0.0,2.4,4,5,1,5,1,0.00,0.02,0.02,0.70,9,False,True
363,647681,Leoni,14,2,35,0,0,0,0,0,0,0,0,0,0,0,0,0,0.0,0.0,0.0,0.0,0,0,0,0,0,0.00,0.00,0.00,0.00,0,False,False
364,214285,Tsimikas,14,2,35,45,0,0,0,0,0,0,0,0,0,0,0,2,2.8,1.6,0.0,0.4,2,3,1,3,1,0.00,0.01,0.01,0.40,1,False,True
365,489580,Ramsay,14,2,35,0,0,0,0,0,0,0,0,0,0,0,0,0,0.0,0.0,0.0,0.0,0,0,0,0,0,0.00,0.00,0.00,0.00,0,False,False
366,494595,Wirtz,14,3,35,90,0,0,1,0,0,0,0,0,0,0,0,14,7.6,31.8,12.0,5.1,2,6,1,9,1,0.11,0.06,0.17,0.70,3,False,True
367,243298,Gakpo,14,3,35,30,0,0,0,0,0,0,0,0,0,0,0,3,0.8,1.3,7.0,0.9,0,2,0,2,0,0.08,0.02,0.10,0.16,1,False,True
368,424876,Szoboszlai,14,3,35,90,0,0,1,0,0,0,0,0,0,0,0,25,16.0,55.7,9.0,8.1,3,3,0,6,1,0.12,0.28,0.40,0.70,3,False,True
369,611922,Ngumoha,14,3,35,18,0,0,0,0,0,0,0,0,0,0,0,-1,0.0,0.8,4.0,0.3,1,0,0,1,0,0.11,0.00,0.11,0.10,1,False,True
370,223541,Chiesa,14,3,35,0,0,0,0,0,0,0,0,0,0,0,0,0,0.0,0.0,0.0,0.0,0,0,0,0,0,0.00,0.00,0.00,0.00,0,False,False
371,441266,Gravenberch,14,3,35,59,0,0,0,0,0,0,0,0,0,0,0,13,19.6,11.4,2.0,3.3,7,1,2,10,1,0.04,0.01,0.05,0.54,1,False,True
372,243016,Mac Allister,14,3,35,30,0,0,0,0,0,0,0,0,0,0,0,7,9.2,22.4,4.0,3.6,2,1,1,4,0,0.02,0.02,0.04,0.16,1,False,True
373,206915,C.Jones,14,3,35,0,0,0,0,0,0,0,0,0,0,0,0,0,0.0,0.0,0.0,0.0,0,0,0,0,0,0.00,0.00,0.00,0.00,0,False,False
374,158983,Endo,14,3,35,0,0,0,0,0,0,0,0,0,0,0,0,0,0.0,0.0,0.0,0.0,0,0,0,0,0,0.00,0.00,0.00,0.00,0,False,False
375,591386,Nyoni,14,3,35,0,0,0,0,0,0,0,0,0,0,0,0,0,0.0,0.0,0.0,0.0,0,0,0,0,0,0.00,0.00,0.00,0.00,0,False,False
376,535928,Bajcetic,14,3,35,0,0,0,0,0,0,0,0,0,0,0,0,0,0.0,0.0,0.0,0.0,0,0,0,0,0,0.00,0.00,0.00,0.00,0,False,False
377,551499,Munoz,14,3,35,59,0,0,0,0,0,0,0,0,0,0,0,5,3.4,1.4,37.0,4.2,0,2,0,2,1,0.10,0.00,0.10,0.54,1,False,True
378,491501,McConnell,14,3,35,0,0,0,0,0,0,0,0,0,0,0,0,0,0.0,0.0,0.0,0.0,0,0,0,0,0,0.00,0.00,0.00,0.00,0,False,False
379,219168,Isak,14,4,35,90,0,0,1,0,0,0,0,0,0,0,0,5,1.2,2.8,28.0,3.2,0,1,0,1,1,0.50,0.00,0.50,0.70,2,False,True
380,510663,Ekitiké,14,4,35,0,0,0,0,0,0,0,0,0,0,0,0,0,0.0,0.0,0.0,0.0,0,0,0,0,0,0.00,0.00,0.00,0.00,0,False,False
381,514514,Koumas,14,3,35,0,0,0,0,0,0,0,0,0,0,0,0,0,0.0,0.0,0.0,0.0,0,0,0,0,0,0.00,0.00,0.00,0.00,0,False,False
382,500058,Danns,14,4,35,0,0,0,0,0,0,0,0,0,0,0,0,0,0.0,0.0,0.0,0.0,0,0,0,0,0,0.00,0.00,0.00,0.00,0,False,False
383,444884,Elliott,14,3,35,0,0,0,0,0,0,0,0,0,0,0,0,0,0.0,0.0,0.0,0.0,0,0,0,0,0,0.00,0.00,0.00,0.00,0,False,False
384,204936,Donnarumma,15,1,39,90,0,0,1,0,0,0,0,0,0,3,0,29,20.6,0.0,0.0,2.1,0,10,0,0,1,0.00,0.00,0.00,1.00,7,False,True
385,432720,Trafford,13,1,40,90,0,0,0,1,0,0,0,0,0,4,0,17,29.0,0.0,0.0,2.9,4,8,0,0,1,0.00,0.00,0.00,0.88,3,False,True
386,122074,Bettinelli,15,1,39,0,0,0,0,0,0,0,0,0,0,0,0,0,0.0,0.0,0.0,0.0,0,0,0,0,0,0.00,0.00,0.00,0.00,0,False,False
387,472769,O'Reilly,15,2,39,8,0,0,0,0,0,0,0,0,0,0,0,3,0.0,0.5,0.0,0.1,0,1,0,0,0,0.00,0.00,0.00,0.50,1,False,True
388,209036,Guéhi,15,2,39,90,0,0,1,0,0,0,0,0,0,0,0,27,16.6,0.6,2.0,1.9,7,3,0,7,1,0.00,0.00,0.00,1.00,6,False,True
389,465351,Matheus N.,15,2,39,90,0,0,1,0,0,0,0,0,0,0,1,34,31.2,1.5,0.0,3.3,9,8,2,11,1,0.00,0.01,0.01,1.00,9,False,True
390,171314,Rúben,15,2,39,90,0,0,1,0,0,0,0,0,0,0,0,24,17.4,0.2,2.0,2.0,7,2,0,7,1,0.00,0.00,0.00,1.00,6,False,True
391,477424,Gvardiol,15,2,39,90,0,1,1,0,0,0,0,1,0,0,3,36,16.4,1.1,4.0,2.2,3,3,4,7,1,0.02,0.00,0.02,1.00,11,False,True
392,448514,Aït-Nouri,15,2,39,0,0,0,0,0,0,0,0,0,0,0,0,0,0.0,0.0,0.0,0.0,0,0,0,0,0,0.00,0.00,0.00,0.00,0,False,False
393,578153,Khusanov,15,2,39,0,0,0,0,0,0,0,0,0,0,0,0,0,0.0,0.0,0.0,0.0,0,0,0,0,0,0.00,0.00,0.00,0.00,0,False,False
394,494307,Alleyne,15,2,39,0,0,0,0,0,0,0,0,0,0,0,0,0,0.0,0.0,0.0,0.0,0,0,0,0,0,0.00,0.00,0.00,0.00,0,False,False
395,477064,Lewis,15,2,39,0,0,0,0,0,0,0,0,0,0,0,0,0,0.0,0.0,0.0,0.0,0,0,0,0,0,0.00,0.00,0.00,0.00,0,False,False
396,616222,Vitor Reis,15,2,39,0,0,0,0,0,0,0,0,0,0,0,0,0,0.0,0.0,0.0,0.0,0,0,0,0,0,0.00,0.00,0.00,0.00,0,False,False
397,437730,Semenyo,15,3,39,90,0,0,1,0,0,0,0,0,0,0,0,7,2.2,16.1,6.0,2.4,0,2,1,3,1,0.00,0.06,0.06,1.00,3,False,True
398,209244,Foden,15,3,39,22,0,0,0,0,0,0,0,0,1,0,0,-4,0.0,12.1,6.0,1.6,0,0,0,0,1,0.00,0.02,0.02,0.10,-2,False,True
399,466052,Cherki,15,3,39,45,0,0,0,0,0,0,0,0,0,0,0,4,1.6,6.6,4.0,1.2,1,0,0,1,1,0.03,0.06,0.09,0.20,1,False,True
400,248875,Doku,15,3,39,0,0,0,0,0,0,0,0,0,0,0,0,0,0.0,0.0,0.0,0.0,0,0,0,0,0,0.00,0.00,0.00,0.00,0,False,False
401,438234,Marmoush,19,4,37,76,0,0,1,0,0,0,0,0,0,0,0,9,3.2,11.6,14.0,2.9,0,5,0,5,1,0.02,0.03,0.05,1.08,2,False,True
402,220566,Rodrigo,15,3,39,0,0,0,0,0,0,0,0,0,0,0,0,0,0.0,0.0,0.0,0.0,0,0,0,0,0,0.00,0.00,0.00,0.00,0,False,False
403,510281,Sávio,19,3,37,90,0,0,1,0,0,0,0,0,0,0,0,22,20.8,53.7,28.0,10.3,1,5,0,6,1,0.10,0.26,0.36,1.11,3,False,True
404,433036,Reijnders,15,3,39,0,0,0,0,0,0,0,0,0,0,0,0,0,0.0,0.0,0.0,0.0,0,0,0,0,0,0.00,0.00,0.00,0.00,0,False,False
405,465694,N.Gonzalez,17,3,40,18,0,0,0,0,0,0,0,0,0,0,0,3,0.0,0.1,0.0,0.0,0,1,0,1,1,0.00,0.00,0.00,0.27,1,False,True
406,91651,Kovačić,15,3,39,0,0,0,0,0,0,0,0,0,0,0,0,0,0.0,0.0,0.0,0.0,0,0,0,0,0,0.00,0.00,0.00,0.00,0,False,False
407,575204,Echeverri,15,3,39,0,0,0,0,0,0,0,0,0,0,0,0,0,0.0,0.0,0.0,0.0,0,0,0,0,0,0.00,0.00,0.00,0.00,0,False,False
408,155405,Phillips,15,3,39,0,0,0,0,0,0,0,0,0,0,0,0,0,0.0,0.0,0.0,0.0,0,0,0,0,0,0.00,0.00,0.00,0.00,0,False,False
409,590039,Mukasa,15,3,39,0,0,0,0,0,0,0,0,0,0,0,0,0,0.0,0.0,0.0,0.0,0,0,0,0,0,0.00,0.00,0.00,0.00,0,False,False
410,649208,Monga,15,3,39,0,0,0,0,0,0,0,0,0,0,0,0,0,0.0,0.0,0.0,0.0,0,0,0,0,0,0.00,0.00,0.00,0.00,0,False,False
411,223094,Haaland,15,4,39,90,1,0,1,0,0,0,0,0,0,0,3,36,34.0,1.6,37.0,7.3,0,3,0,3,1,0.87,0.01,0.88,1.00,9,False,True
412,465247,Lammens,16,1,39,90,0,0,0,1,0,0,0,0,0,1,0,5,6.6,0.0,0.0,0.7,1,5,0,0,1,0.00,0.00,0.00,1.10,2,False,True
413,451302,Bayindir,16,1,39,0,0,0,0,0,0,0,0,0,0,0,0,0,0.0,0.0,0.0,0.0,0,0,0,0,0,0.00,0.00,0.00,0.00,0,False,False
414,21205,Heaton,16,1,39,0,0,0,0,0,0,0,0,0,0,0,0,0,0.0,0.0,0.0,0.0,0,0,0,0,0,0.00,0.00,0.00,0.00,0,False,False
415,596777,Dorgu,16,3,39,90,0,0,0,1,0,0,0,0,0,0,0,19,19.6,18.7,4.0,4.2,3,3,6,12,1,0.00,0.03,0.03,1.10,4,False,True
416,209365,De Ligt,16,2,39,0,0,0,0,0,0,0,0,0,0,0,0,0,0.0,0.0,0.0,0.0,0,0,0,0,0,0.00,0.00,0.00,0.00,0,False,False
417,216051,Dalot,16,2,39,90,0,0,0,1,0,0,0,0,0,0,0,9,6.2,16.5,3.0,2.6,2,9,1,3,1,0.02,0.05,0.07,1.10,2,False,True
418,95658,Maguire,16,2,39,90,0,0,0,1,0,0,0,1,0,0,0,4,9.4,1.6,11.0,2.2,4,6,1,5,1,0.12,0.01,0.13,1.10,1,False,True
419,221820,Martinez,16,2,39,90,0,0,0,1,0,0,0,0,0,0,0,14,20.2,3.4,7.0,3.1,3,5,3,6,1,0.03,0.08,0.11,1.10,2,False,True
420,550864,Yoro,16,2,39,0,0,0,0,0,0,0,0,0,0,0,0,0,0.0,0.0,0.0,0.0,0,0,0,0,0,0.00,0.00,0.00,0.00,0,False,False
421,606745,Heaven,16,2,39,0,0,0,0,0,0,0,0,0,0,0,0,0,0.0,0.0,0.0,0.0,0,0,0,0,0,0.00,0.00,0.00,0.00,0,False,False
422,230001,Mazraoui,16,2,39,0,0,0,0,0,0,0,0,0,0,0,0,0,0.0,0.0,0.0,0.0,0,0,0,0,0,0.00,0.00,0.00,0.00,0,False,False
423,106760,Shaw,16,2,39,0,0,0,0,0,0,0,0,0,0,0,0,0,0.0,0.0,0.0,0.0,0,0,0,0,0,0.00,0.00,0.00,0.00,0,False,False
424,577974,Amass,16,2,39,0,0,0,0,0,0,0,0,0,0,0,0,0,0.0,0.0,0.0,0.0,0,0,0,0,0,0.00,0.00,0.00,0.00,0,False,False
425,547676,Fredricson,16,2,39,0,0,0,0,0,0,0,0,0,0,0,0,0,0.0,0.0,0.0,0.0,0,0,0,0,0,0.00,0.00,0.00,0.00,0,False,False
426,141746,B.Fernandes,16,3,39,90,0,0,0,1,0,0,0,0,0,0,0,17,17.0,31.4,7.0,5.5,1,4,2,7,1,0.03,0.33,0.36,1.10,2,False,True
427,446008,Mbeumo,16,3,39,90,0,0,0,1,0,0,0,0,0,0,0,9,11.2,32.8,24.0,6.8,1,3,1,5,1,0.49,0.08,0.57,1.10,2,False,True
428,430871,Cunha,16,3,39,90,0,0,0,1,0,0,0,0,0,0,0,8,2.4,14.3,15.0,3.2,0,1,1,2,1,0.11,0.03,0.14,1.10,2,False,True
429,176297,Rashford,16,3,39,82,0,0,0,1,0,0,0,0,0,0,0,6,5.4,14.1,29.0,4.9,2,2,1,5,1,0.12,0.08,0.20,1.08,2,False,True
430,184341,Mount,16,3,39,0,0,0,0,0,0,0,0,0,0,0,0,0,0.0,0.0,0.0,0.0,0,0,0,0,0,0.00,0.00,0.00,0.00,0,False,False
431,493250,Amad,16,3,39,0,0,0,0,0,0,0,0,0,0,0,0,0,0.0,0.0,0.0,0.0,0,0,0,0,0,0.00,0.00,0.00,0.00,0,False,False
432,516895,Mainoo,16,3,39,90,0,0,0,1,0,0,0,0,0,0,0,20,19.8,37.2,1.0,5.8,4,9,0,13,1,0.03,0.07,0.10,1.10,4,False,True
433,232112,Ugarte,16,3,39,0,0,0,0,0,0,0,0,0,0,0,0,0,0.0,0.0,0.0,0.0,0,0,0,0,0,0.00,0.00,0.00,0.00,0,False,False
434,547037,J.Fletcher,16,3,39,0,0,0,0,0,0,0,0,0,0,0,0,0,0.0,0.0,0.0,0.0,0,0,0,0,0,0.00,0.00,0.00,0.00,0,False,False
435,576628,Lacey,16,3,39,0,0,0,0,0,0,0,0,0,0,0,0,0,0.0,0.0,0.0,0.0,0,0,0,0,0,0.00,0.00,0.00,0.00,0,False,False
436,490881,Collyer,16,3,39,0,0,0,0,0,0,0,0,0,0,0,0,0,0.0,0.0,0.0,0.0,0,0,0,0,0,0.00,0.00,0.00,0.00,0,False,False
437,576620,Bendito Mantato,16,3,39,0,0,0,0,0,0,0,0,0,0,0,0,0,0.0,0.0,0.0,0.0,0,0,0,0,0,0.00,0.00,0.00,0.00,0,False,False
438,519913,Fletcher,16,3,39,0,0,0,0,0,0,0,0,0,0,0,0,0,0.0,0.0,0.0,0.0,0,0,0,0,0,0.00,0.00,0.00,0.00,0,False,False
439,485711,Šeško,16,4,39,23,0,0,0,0,0,0,0,0,0,0,0,4,1.2,0.7,4.0,0.6,0,2,0,2,0,0.06,0.00,0.06,0.57,1,False,True
440,458249,Zirkzee,16,4,39,7,0,0,0,0,0,0,0,0,0,0,0,4,4.4,4.8,0.0,0.9,1,2,0,3,0,0.00,0.01,0.01,0.02,1,False,True
441,596047,Obi,16,4,39,0,0,0,0,0,0,0,0,0,0,0,0,0,0.0,0.0,0.0,0.0,0,0,0,0,0,0.00,0.00,0.00,0.00,0,False,False
442,98747,Pope,17,1,40,0,0,0,0,0,0,0,0,0,0,0,0,0,0.0,0.0,0.0,0.0,0,0,0,0,0,0.00,0.00,0.00,0.00,0,False,False
443,81441,Gillespie,17,1,40,0,0,0,0,0,0,0,0,0,0,0,0,0,0.0,0.0,0.0,0.0,0,0,0,0,0,0.00,0.00,0.00,0.00,0,False,False
444,554578,Jaouen,17,1,40,0,0,0,0,0,0,0,0,0,0,0,0,0,0.0,0.0,0.0,0.0,0,0,0,0,0,0.00,0.00,0.00,0.00,0,False,False
445,465642,Thiaw,17,2,40,90,0,0,0,4,0,0,0,0,0,0,0,-6,22.6,0.9,0.0,2.4,11,1,0,11,1,0.00,0.00,0.00,2.08,2,False,True
446,119471,Schär,17,2,40,0,0,0,0,0,0,0,0,0,0,0,0,0,0.0,0.0,0.0,0.0,0,0,0,0,0,0.00,0.00,0.00,0.00,0,False,False
447,220237,Botman,17,2,40,90,0,0,0,4,0,0,0,0,0,0,0,2,31.2,0.3,0.0,3.2,15,4,2,17,1,0.00,0.00,0.00,2.08,2,False,True
448,78916,Burn,17,2,40,0,0,0,0,0,0,0,0,0,0,0,0,0,0.0,0.0,0.0,0.0,0,0,0,0,0,0.00,0.00,0.00,0.00,0,False,False
449,487838,Hall,17,2,40,90,0,0,0,4,0,0,0,0,0,0,0,9,21.0,3.9,7.0,3.2,2,4,4,6,1,0.02,0.01,0.03,2.08,0,False,True
450,441191,Livramento,17,2,40,32,0,1,0,1,0,0,0,1,0,0,0,9,4.8,3.8,4.0,1.3,1,4,2,3,0,0.00,0.01,0.01,0.16,3,False,True
451,545477,A.Murphy,17,2,40,0,0,0,0,0,0,0,0,0,0,0,0,0,0.0,0.0,0.0,0.0,0,0,0,0,0,0.00,0.00,0.00,0.00,0,False,False
452,208706,Bruno G.,1,3,36,45,1,0,0,0,0,0,0,0,0,0,1,29,35.4,3.9,11.0,5.0,1,1,1,3,0,0.09,0.14,0.23,1.57,7,False,True
453,201666,Barnes,17,3,40,90,0,0,0,4,0,0,0,0,0,0,0,13,12.2,16.8,30.0,5.9,3,3,0,6,1,0.29,0.31,0.60,2.08,2,False,True
454,449434,Elanga,17,3,40,0,0,0,0,0,0,0,0,0,0,0,0,0,0.0,0.0,0.0,0.0,0,0,0,0,0,0.00,0.00,0.00,0.00,0,False,False
455,432422,Tonali,19,3,37,90,0,0,1,0,0,0,0,0,0,0,0,16,12.2,30.7,6.0,4.9,5,6,0,11,1,0.09,0.31,0.40,1.11,3,False,True
456,232653,J.Ramsey,17,3,40,0,0,0,0,0,0,0,0,0,0,0,0,0,0.0,0.0,0.0,0.0,0,0,0,0,0,0.00,0.00,0.00,0.00,0,False,False
457,114243,J.Murphy,17,3,40,56,0,0,0,3,0,0,0,1,0,0,0,2,1.2,3.7,2.0,0.7,0,3,1,4,1,0.00,0.14,0.14,1.91,0,False,True
458,180974,Joelinton,17,3,40,0,0,0,0,0,0,0,0,0,0,0,0,0,0.0,0.0,0.0,0.0,0,0,0,0,0,0.00,0.00,0.00,0.00,0,False,False
459,547719,L.Miley,17,3,40,79,0,0,0,4,1,0,0,0,0,0,0,9,6.6,4.5,0.0,1.1,3,6,1,10,1,0.00,0.03,0.03,1.97,0,False,True
460,200089,Willock,17,3,40,32,0,0,0,1,0,0,0,0,0,0,0,8,7.6,13.3,18.0,3.9,1,2,1,4,0,0.12,0.06,0.18,0.16,1,False,True
461,611665,Touré,17,3,40,33,1,0,0,1,0,0,0,0,0,0,0,24,36.6,5.3,21.0,6.3,0,2,0,2,0,0.28,0.01,0.29,0.16,6,False,True
462,636852,Steur,17,3,40,71,0,0,0,4,0,0,0,0,0,0,0,14,12.0,20.2,0.0,3.2,3,2,2,7,0,0.00,0.03,0.03,1.81,2,False,True
463,470313,Woltemade,17,4,40,0,0,0,0,0,0,0,0,0,0,0,0,0,0.0,0.0,0.0,0.0,0,0,0,0,0,0.00,0.00,0.00,0.00,0,False,False
464,216646,Wissa,17,4,40,90,0,0,0,4,0,0,0,0,0,0,0,3,2.2,21.5,12.0,3.6,2,2,1,5,1,0.16,0.00,0.16,2.08,2,False,True
465,538207,Osula,17,4,40,0,0,0,0,0,0,0,0,0,0,0,0,0,0.0,0.0,0.0,0.0,0,0,0,0,0,0.00,0.00,0.00,0.00,0,False,False
466,599303,Neave,17,4,40,0,0,0,0,0,0,0,0,0,0,0,0,0,0.0,0.0,0.0,0.0,0,0,0,0,0,0.00,0.00,0.00,0.00,0,False,False
467,85633,Sels,18,1,31,90,0,0,0,1,0,0,0,0,0,5,0,19,35.0,0.0,0.0,3.5,2,11,0,0,1,0.00,0.00,0.00,0.82,3,False,True
468,221389,John,18,1,31,0,0,0,0,0,0,0,0,0,0,0,0,0,0.0,0.0,0.0,0.0,0,0,0,0,0,0.00,0.00,0.00,0.00,0,False,False
469,215136,N.Williams,18,2,31,90,0,0,0,1,0,0,0,0,0,0,0,9,8.8,19.9,10.0,3.9,2,1,1,3,1,0.20,0.16,0.36,0.82,2,False,True
470,485047,Morato,18,2,31,0,0,0,0,0,0,0,0,0,0,0,0,0,0.0,0.0,0.0,0.0,0,0,0,0,0,0.00,0.00,0.00,0.00,0,False,False
471,227444,Milenković,18,2,31,0,0,0,0,0,0,0,0,0,0,0,0,0,0.0,0.0,0.0,0.0,0,0,0,0,0,0.00,0.00,0.00,0.00,0,False,False
472,575476,Murillo,18,2,31,90,0,1,0,1,0,0,0,1,0,0,0,18,33.0,10.9,0.0,4.4,10,6,2,12,1,0.00,0.01,0.01,0.82,6,False,True
473,159506,Aina,18,2,31,90,0,0,0,1,0,0,0,0,0,0,0,11,17.4,1.7,0.0,1.9,5,2,3,8,1,0.00,0.01,0.01,0.82,2,False,True
474,575458,Jair Cunha,18,2,31,0,0,0,0,0,0,0,0,0,0,0,0,0,0.0,0.0,0.0,0.0,0,0,0,0,0,0.00,0.00,0.00,0.00,0,False,False
475,500151,Savona,18,2,31,0,0,0,0,0,0,0,0,0,0,0,0,0,0.0,0.0,0.0,0.0,0,0,0,0,0,0.00,0.00,0.00,0.00,0,False,False
476,204822,O.Richards,18,2,31,0,0,0,0,0,0,0,0,0,0,0,0,0,0.0,0.0,0.0,0.0,0,0,0,0,0,0.00,0.00,0.00,0.00,0,False,False
477,549067,Abbott,18,2,31,0,0,0,0,0,0,0,0,0,0,0,0,0,0.0,0.0,0.0,0.0,0,0,0,0,0,0.00,0.00,0.00,0.00,0,False,False
478,470315,Netz,18,2,31,0,0,0,0,0,0,0,0,0,0,0,0,0,0.0,0.0,0.0,0.0,0,0,0,0,0,0.00,0.00,0.00,0.00,0,False,False
479,538638,Bindon,18,2,31,0,0,0,0,0,0,0,0,0,0,0,0,0,0.0,0.0,0.0,0.0,0,0,0,0,0,0.00,0.00,0.00,0.00,0,False,False
480,222531,Gibbs-White,18,3,31,90,0,1,0,1,0,0,0,0,0,0,3,42,39.0,98.5,26.0,16.4,0,3,1,4,1,0.16,0.91,1.07,0.82,8,False,True
481,215379,Anderson,15,3,39,90,0,0,1,0,0,0,0,0,0,0,0,18,15.2,3.3,0.0,1.9,5,6,3,14,1,0.00,0.01,0.01,1.00,5,False,True
482,209046,Hudson-Odoi,18,3,31,0,0,0,0,0,0,0,0,0,0,0,0,0,0.0,0.0,0.0,0.0,0,0,0,0,0,0.00,0.00,0.00,0.00,0,False,False
483,456512,Ndoye,18,3,31,74,0,0,0,1,0,0,0,1,0,0,0,1,0.0,12.5,38.0,4.7,0,2,0,2,1,0.70,0.25,0.95,0.73,1,False,True
484,503301,Hutchinson,18,3,31,0,0,0,0,0,0,0,0,0,0,0,0,0,0.0,0.0,0.0,0.0,0,0,0,0,0,0.00,0.00,0.00,0.00,0,False,False
485,476887,Bakwa,18,3,31,0,0,0,0,0,0,0,0,0,0,0,0,0,0.0,0.0,0.0,0.0,0,0,0,0,0,0.00,0.00,0.00,0.00,0,False,False
486,432714,McAtee,18,3,31,81,0,0,0,1,0,0,0,1,0,0,0,18,14.8,27.3,10.0,5.2,4,5,3,12,1,0.03,0.38,0.41,0.73,3,False,True
487,250199,Dominguez,18,3,31,0,0,0,0,0,0,0,0,0,0,0,0,0,0.0,0.0,0.0,0.0,0,0,0,0,0,0.00,0.00,0.00,0.00,0,False,False
488,210462,I.Sangaré,18,3,31,8,0,0,0,0,0,0,0,0,0,0,0,2,2.4,0.4,2.0,0.5,1,0,1,2,0,0.06,0.01,0.07,0.09,1,False,True
489,204968,Yates,18,3,31,0,0,0,0,0,0,0,0,0,0,0,0,0,0.0,0.0,0.0,0.0,0,0,0,0,0,0.00,0.00,0.00,0.00,0,False,False
490,60689,Wood,18,4,31,1,0,0,0,0,0,0,0,0,0,0,0,3,0.0,0.0,0.0,0.0,0,0,0,0,0,0.00,0.00,0.00,0.09,1,False,True
491,482973,Igor Jesus,18,4,31,15,1,0,0,0,0,0,0,0,0,0,2,34,36.4,11.0,17.0,6.4,0,3,0,3,0,0.13,0.01,0.14,0.09,7,False,True
492,210156,Awoniyi,7,4,38,52,0,0,0,5,0,0,0,0,1,0,0,-5,0.0,10.9,10.0,1.9,0,1,1,2,1,0.06,0.01,0.07,1.37,-2,False,True
493,465680,Kalimuendo,18,4,31,0,0,0,0,0,0,0,0,0,0,0,0,0,0.0,0.0,0.0,0.0,0,0,0,0,0,0.00,0.00,0.00,0.00,0,False,False
494,184254,Vicario,19,1,37,0,0,0,0,0,0,0,0,0,0,0,0,0,0.0,0.0,0.0,0.0,0,0,0,0,0,0.00,0.00,0.00,0.00,0,False,False
495,214572,Austin,19,1,37,0,0,0,0,0,0,0,0,0,0,0,0,0,0.0,0.0,0.0,0.0,0,0,0,0,0,0.00,0.00,0.00,0.00,0,False,False
496,485055,Kinsky,19,1,37,90,0,0,1,0,0,0,0,0,0,3,0,29,19.8,0.0,0.0,2.0,4,3,0,0,1,0.00,0.00,0.00,1.11,7,False,True
497,67089,Dubravka,19,1,37,0,0,0,0,0,0,0,0,0,0,0,0,0,0.0,0.0,0.0,0.0,0,0,0,0,0,0.00,0.00,0.00,0.00,0,False,False
498,221466,Senesi,19,2,37,0,0,0,0,0,0,0,0,0,0,0,0,0,0.0,0.0,0.0,0.0,0,0,0,0,0,0.00,0.00,0.00,0.00,0,False,False
499,441164,Pedro Porro,19,2,37,0,0,0,0,0,0,0,0,0,0,0,0,0,0.0,0.0,0.0,0.0,0,0,0,0,0,0.00,0.00,0.00,0.00,0,False,False
500,221632,Romero,19,2,37,0,0,0,0,0,0,0,0,0,0,0,0,0,0.0,0.0,0.0,0.0,0,0,0,0,0,0.00,0.00,0.00,0.00,0,False,False
501,135720,Danso,20,2,36,90,0,0,0,2,0,0,0,0,0,0,0,6,16.8,11.0,2.0,3.0,4,3,0,4,1,0.00,0.08,0.08,1.88,1,False,True
502,122798,Robertson,19,2,37,90,0,0,1,0,0,0,0,0,0,0,1,30,10.8,31.5,8.0,5.0,2,3,0,2,1,0.07,0.09,0.16,1.11,7,False,True
503,491279,Van de Ven,19,2,37,90,0,0,1,0,0,0,0,0,0,0,0,27,15.0,3.1,0.0,1.8,6,4,0,6,1,0.00,0.02,0.02,1.11,6,False,True
504,610799,Vuskovic,5,2,38,77,0,0,1,0,0,0,0,0,0,0,0,27,16.2,1.8,13.0,3.1,8,4,1,9,1,0.11,0.01,0.12,1.11,6,False,True
505,232859,Spence,19,2,37,0,0,0,0,0,0,0,0,0,0,0,0,0,0.0,0.0,0.0,0.0,0,0,0,0,0,0.00,0.00,0.00,0.00,0,False,False
506,487053,Udogie,19,2,37,0,0,0,0,0,0,0,0,0,0,0,0,0,0.0,0.0,0.0,0.0,0,0,0,0,0,0.00,0.00,0.00,0.00,0,False,False
507,548308,Phillips,19,2,37,0,0,0,0,0,0,0,0,0,0,0,0,0,0.0,0.0,0.0,0.0,0,0,0,0,0,0.00,0.00,0.00,0.00,0,False,False
508,115556,Davies,19,2,37,0,0,0,0,0,0,0,0,0,0,0,0,0,0.0,0.0,0.0,0.0,0,0,0,0,0,0.00,0.00,0.00,0.00,0,False,False
509,640419,Byfield,19,2,37,0,0,0,0,0,0,0,0,0,0,0,0,0,0.0,0.0,0.0,0.0,0,0,0,0,0,0.00,0.00,0.00,0.00,0,False,False
510,499716,Rowswell,19,2,37,0,0,0,0,0,0,0,0,0,0,0,0,0,0.0,0.0,0.0,0.0,0,0,0,0,0,0.00,0.00,0.00,0.00,0,False,False
511,616221,Souza,19,2,37,0,0,0,0,0,0,0,0,0,0,0,0,0,0.0,0.0,0.0,0.0,0,0,0,0,0,0.00,0.00,0.00,0.00,0,False,False
512,460842,Kudus,19,3,37,27,0,0,0,0,0,0,0,0,0,0,0,8,6.0,12.8,6.0,2.5,0,1,1,2,0,0.00,0.05,0.05,0.44,1,False,True
513,493362,Xavi,19,3,37,0,0,0,0,0,0,0,0,0,0,0,0,0,0.0,0.0,0.0,0.0,0,0,0,0,0,0.00,0.00,0.00,0.00,0,False,False
514,511499,Tel,19,3,37,27,0,0,0,0,0,0,0,0,0,0,0,3,0.6,3.2,9.0,1.3,0,0,0,0,0,0.01,0.09,0.10,0.44,1,False,True
515,172780,Maddison,19,3,37,13,0,0,0,0,0,0,0,0,0,0,0,3,6.8,3.8,0.0,1.1,2,1,0,3,0,0.00,0.01,0.01,0.03,1,False,True
516,202993,Bentancur,19,3,37,62,0,0,1,0,0,0,0,0,0,0,0,15,22.6,7.9,0.0,3.1,5,2,3,10,1,0.00,0.04,0.04,0.67,3,False,True
517,550839,Odobert,19,3,37,0,0,0,0,0,0,0,0,0,0,0,0,0,0.0,0.0,0.0,0.0,0,0,0,0,0,0.00,0.00,0.00,0.00,0,False,False
518,482442,P.M.Sarr,19,3,37,0,0,0,0,0,0,0,0,0,0,0,0,0,0.0,0.0,0.0,0.0,0,0,0,0,0,0.00,0.00,0.00,0.00,0,False,False
519,232787,Gallagher,19,3,37,0,0,0,0,0,0,0,0,0,0,0,0,0,0.0,0.0,0.0,0.0,0,0,0,0,0,0.00,0.00,0.00,0.00,0,False,False
520,570526,Bergvall,19,3,37,27,0,0,0,0,0,0,0,0,0,0,0,8,8.0,7.9,7.0,2.3,1,2,1,4,0,0.06,0.25,0.31,0.44,1,False,True
521,445044,Kulusevski,19,3,37,0,0,0,0,0,0,0,0,0,0,0,0,0,0.0,0.0,0.0,0.0,0,0,0,0,0,0.00,0.00,0.00,0.00,0,False,False
522,547701,Gray,19,3,37,84,0,0,1,0,0,0,0,0,0,0,0,13,9.6,6.7,10.0,2.6,4,5,2,11,1,0.09,0.03,0.12,1.08,3,False,True
523,499721,Moore,19,3,37,0,0,0,0,0,0,0,0,0,0,0,0,0,0.0,0.0,0.0,0.0,0,0,0,0,0,0.00,0.00,0.00,0.00,0,False,False
524,499726,Olusesi,19,3,37,0,0,0,0,0,0,0,0,0,0,0,0,0,0.0,0.0,0.0,0.0,0,0,0,0,0,0.00,0.00,0.00,0.00,0,False,False
525,551226,Fernandes,19,3,37,62,0,0,1,0,0,0,0,0,0,0,0,15,3.0,13.0,22.0,3.8,0,2,2,4,1,0.11,0.03,0.14,0.67,3,False,True
526,154566,Solanke,19,4,37,62,0,0,1,0,0,0,0,0,0,0,0,4,0.0,4.3,6.0,0.8,0,2,0,2,1,0.00,0.01,0.01,0.67,2,False,True
527,212319,Richarlison,19,4,37,0,0,0,0,0,0,0,0,0,0,0,0,0,0.0,0.0,0.0,0.0,0,0,0,0,0,0.00,0.00,0.00,0.00,0,False,False
528,490145,Scarlett,19,4,37,0,0,0,0,0,0,0,0,0,0,0,0,0,0.0,0.0,0.0,0.0,0,0,0,0,0,0.00,0.00,0.00,0.00,0,False,False
529,498016,Roefs,20,1,36,90,0,0,0,2,0,0,0,0,0,3,0,9,27.2,0.0,0.0,2.7,1,3,0,0,1,0.00,0.00,0.00,1.88,2,False,True
530,232571,Patterson,20,1,36,0,0,0,0,0,0,0,0,0,0,0,0,0,0.0,0.0,0.0,0.0,0,0,0,0,0,0.00,0.00,0.00,0.00,0,False,False
531,515046,Ellborg,20,1,36,0,0,0,0,0,0,0,0,0,0,0,0,0,0.0,0.0,0.0,0.0,0,0,0,0,0,0.00,0.00,0.00,0.00,0,False,False
532,223827,Ballard,20,2,36,90,0,0,0,2,0,0,0,1,0,0,0,0,9.0,10.8,9.0,2.9,5,3,1,6,1,0.08,0.01,0.09,1.88,0,False,True
533,200834,Mukiele,20,2,36,90,0,0,0,2,0,0,0,1,0,0,0,-5,10.4,4.9,46.0,6.1,3,3,3,6,1,0.70,0.02,0.72,1.88,0,False,True
534,487676,Hume,20,2,36,0,0,0,0,0,0,0,0,0,0,0,0,0,0.0,0.0,0.0,0.0,0,0,0,0,0,0.00,0.00,0.00,0.00,0,False,False
535,201895,Alderete,20,2,36,0,0,0,0,0,0,0,0,0,0,0,0,0,0.0,0.0,0.0,0.0,0,0,0,0,0,0.00,0.00,0.00,0.00,0,False,False
536,434399,Reinildo,20,2,36,90,0,0,0,2,0,0,0,0,1,0,0,-12,0.0,1.4,0.0,0.0,6,3,1,7,1,0.00,0.01,0.01,1.09,-2,False,True
537,519634,Seelt,20,2,36,0,0,0,0,0,0,0,0,0,0,0,0,0,0.0,0.0,0.0,0.0,0,0,0,0,0,0.00,0.00,0.00,0.00,0,False,False
538,477547,Hjelde,20,2,36,0,0,0,0,0,0,0,0,0,0,0,0,0,0.0,0.0,0.0,0.0,0,0,0,0,0,0.00,0.00,0.00,0.00,0,False,False
539,167512,O'Nien,20,2,36,0,0,0,0,0,0,0,0,0,0,0,0,0,0.0,0.0,0.0,0.0,0,0,0,0,0,0.00,0.00,0.00,0.00,0,False,False
540,105717,Masuaku,20,2,36,0,0,0,0,0,0,0,0,0,0,0,0,0,0.0,0.0,0.0,0.0,0,0,0,0,0,0.00,0.00,0.00,0.00,0,False,False
541,93605,Meunier,20,2,36,75,0,0,0,1,0,0,0,0,0,0,0,5,5.8,1.8,15.0,2.3,2,4,0,2,1,0.13,0.00,0.13,1.09,2,False,True
542,484420,E.Le Fée,20,3,36,90,0,0,0,2,0,0,1,0,0,0,0,6,6.8,29.7,26.0,6.3,0,4,0,4,1,0.85,0.59,1.44,1.88,0,False,True
543,547027,Diarra,20,3,36,0,0,0,0,0,0,0,0,0,0,0,0,0,0.0,0.0,0.0,0.0,0,0,0,0,0,0.00,0.00,0.00,0.00,0,False,False
544,84450,Xhaka,20,3,36,90,0,0,0,2,0,0,0,1,0,0,0,19,14.6,44.0,0.0,5.9,2,8,1,11,1,0.00,0.37,0.37,1.88,1,False,True
545,577669,Sadiki,20,3,36,90,0,0,0,2,0,0,0,0,0,0,0,11,11.0,1.3,1.0,1.3,4,3,3,10,1,0.04,0.00,0.04,1.88,2,False,True
546,535818,Adingra,20,3,36,0,0,0,0,0,0,0,0,0,0,0,0,0,0.0,0.0,0.0,0.0,0,0,0,0,0,0.00,0.00,0.00,0.00,0,False,False
547,461199,Mundle,20,3,36,0,0,0,0,0,0,0,0,0,0,0,0,0,0.0,0.0,0.0,0.0,0,0,0,0,0,0.00,0.00,0.00,0.00,0,False,False
548,554197,Rigg,20,3,36,0,0,0,0,0,0,0,0,0,0,0,0,0,0.0,0.0,0.0,0.0,0,0,0,0,0,0.00,0.00,0.00,0.00,0,False,False
549,549912,Talbi,20,3,36,0,0,0,0,0,0,0,0,0,0,0,0,0,0.0,0.0,0.0,0.0,0,0,0,0,0,0.00,0.00,0.00,0.00,0,False,False
550,699989,Jocelin.T,20,3,36,0,0,0,0,0,0,0,0,0,0,0,0,0,0.0,0.0,0.0,0.0,0,0,0,0,0,0.00,0.00,0.00,0.00,0,False,False
551,536661,N.Angulo,20,3,36,69,0,0,0,1,0,0,0,0,0,0,0,7,2.2,0.9,2.0,0.5,0,1,2,3,1,0.00,0.00,0.00,0.81,2,False,True
552,441264,Brobbey,20,4,36,90,0,0,0,2,0,0,0,1,0,0,0,4,0.0,11.5,14.0,2.4,0,4,0,4,1,0.00,0.01,0.01,1.88,1,False,True
553,437505,Isidor,20,4,36,20,0,0,0,1,0,0,0,0,0,0,0,1,1.2,0.1,0.0,0.1,0,0,1,1,0,0.00,0.00,0.00,1.07,1,False,True
554,546600,Van Oevelen,12,1,34,0,0,0,0,0,0,0,0,0,0,0,0,0,0.0,0.0,0.0,0.0,0,0,0,0,0,0.00,0.00,0.00,0.00,0,False,False
555,169593,Matthews,8,1,34,0,0,0,0,0,0,0,0,0,0,0,0,0,0.0,0.0,0.0,0.0,0,0,0,0,0,0.00,0.00,0.00,0.00,0,False,False
556,169359,Targett,11,2,33,0,0,0,0,0,0,0,0,0,0,0,0,0,0.0,0.0,0.0,0.0,0,0,0,0,0,0.00,0.00,0.00,0.00,0,False,False
557,439509,Tzolis,1,3,36,80,0,0,1,0,0,0,0,0,0,0,0,10,3.8,7.3,2.0,1.3,1,1,1,3,1,0.00,0.13,0.13,1.41,3,False,True
558,204561,Schlager,18,3,31,90,0,0,0,1,0,0,0,1,0,0,0,18,21.8,15.2,17.0,5.4,3,7,6,16,1,0.06,0.02,0.08,0.82,3,False,True
559,632794,Bamba,17,3,40,10,0,0,0,0,0,0,0,0,0,0,0,4,1.4,0.3,0.0,0.2,0,1,1,2,0,0.00,0.00,0.00,0.11,1,False,True
560,549939,Penders,6,1,33,0,0,0,0,0,0,0,0,0,0,0,0,0,0.0,0.0,0.0,0.0,0,0,0,0,0,0.00,0.00,0.00,0.00,0,False,False
561,622758,Anselmino,6,2,33,0,0,0,0,0,0,0,0,0,0,0,0,0,0.0,0.0,0.0,0.0,0,0,0,0,0,0.00,0.00,0.00,0.00,0,False,False
562,442967,Maeda,12,3,34,27,0,0,0,1,0,0,0,0,0,0,0,1,0.0,2.3,0.0,0.0,0,0,0,0,0,0.00,0.00,0.00,0.41,1,False,True
563,445028,Morita,11,3,33,0,0,0,0,0,0,0,0,0,0,0,0,0,0.0,0.0,0.0,0.0,0,0,0,0,0,0.00,0.00,0.00,0.00,0,False,False
564,240514,Scherpen,12,1,34,90,0,0,0,2,0,0,0,0,0,2,0,6,15.0,0.0,0.0,1.5,3,9,0,0,1,0.00,0.00,0.00,0.62,1,False,True
565,513545,M.Sangaré,4,3,32,90,0,0,0,2,0,0,0,0,0,0,0,19,18.2,9.4,0.0,2.8,1,6,6,13,1,0.00,0.28,0.28,1.75,4,False,True
566,483067,Silva,3,2,32,90,0,0,0,2,0,0,0,0,0,0,0,-2,18.0,5.3,11.0,3.4,10,5,0,10,1,0.58,0.23,0.81,0.50,3,False,True
567,470551,Horníček,17,1,40,90,0,0,0,4,0,0,0,0,0,3,0,2,29.4,0.0,0.0,2.9,3,4,0,0,1,0.00,0.00,0.00,2.08,1,False,True
568,543158,Barco,6,3,33,21,0,0,0,0,0,0,0,1,0,0,0,7,1.6,2.9,2.0,0.7,1,1,0,2,0,0.00,0.09,0.09,0.54,0,False,True
569,551466,Gonzalo,10,4,35,76,0,0,1,0,0,0,0,0,0,0,0,5,4.4,10.9,10.0,2.5,1,2,0,3,1,0.20,0.03,0.23,0.81,2,False,True
570,571779,Palacios,10,3,35,0,0,0,0,0,0,0,0,0,0,0,0,0,0.0,0.0,0.0,0.0,0,0,0,0,0,0.00,0.00,0.00,0.00,0,False,False
571,216055,Florentino,12,3,34,13,0,0,0,0,0,0,0,0,0,0,0,8,9.0,21.3,2.0,3.2,1,0,1,2,0,0.00,0.01,0.01,0.27,1,False,True
572,473284,Tzolakis,11,1,33,90,0,0,0,2,0,0,0,0,0,5,0,15,29.4,0.0,0.0,2.9,2,15,0,0,1,0.00,0.00,0.00,0.91,2,False,True
573,494928,Sanchez,3,2,32,0,0,0,0,0,0,0,0,0,0,0,0,0,0.0,0.0,0.0,0.0,0,0,0,0,0,0.00,0.00,0.00,0.00,0,False,False
574,552946,Hjertø-Dahl,11,3,33,0,0,0,0,0,0,0,0,0,0,0,0,0,0.0,0.0,0.0,0.0,0,0,0,0,0,0.00,0.00,0.00,0.00,0,False,False
575,661888,Yirenkyi,7,3,38,17,0,0,0,2,0,0,0,0,0,0,0,3,0.0,10.5,0.0,1.0,0,0,0,0,0,0.00,0.01,0.01,0.64,1,False,True
576,608227,Stroud,11,3,33,59,0,0,0,1,0,0,0,0,0,0,0,3,0.0,1.8,1.0,0.2,0,3,2,5,1,0.01,0.00,0.01,0.26,1,False,True
577,223723,Tomiyasu,8,2,34,53,0,0,0,2,0,0,0,0,0,0,0,6,10.2,1.3,4.0,1.6,4,3,1,5,0,0.00,0.01,0.01,1.29,0,False,True
578,465920,Mudryk,19,3,37,0,0,0,0,0,0,0,0,0,0,0,0,0,0.0,0.0,0.0,0.0,0,0,0,0,0,0.00,0.00,0.00,0.00,0,False,False
579,445087,Araujo,14,2,35,71,0,0,1,0,0,0,0,0,0,0,0,24,9.8,1.8,2.0,1.4,3,5,1,4,1,0.00,0.00,0.00,0.60,6,False,True
580,463210,Charles,10,3,35,90,0,0,1,0,0,0,0,0,0,0,0,19,29.0,3.4,0.0,3.2,8,8,1,17,1,0.00,0.02,0.02,1.28,5,False,True
581,568420,Diomande,18,2,31,90,0,0,0,1,0,0,0,0,0,0,0,10,24.6,0.4,11.0,3.6,13,3,1,14,1,0.11,0.00,0.11,0.82,4,False,True
582,690838,Madjo,2,4,31,0,0,0,0,0,0,0,0,0,0,0,0,0,0.0,0.0,0.0,0.0,0,0,0,0,0,0.00,0.00,0.00,0.00,0,False,False
583,498444,Chavarria,6,2,33,45,0,0,0,0,0,0,0,0,0,0,0,4,2.0,1.7,2.0,0.6,1,1,0,1,0,0.00,0.01,0.01,0.94,1,False,True
584,196100,Hamer,7,3,38,0,0,0,0,0,0,0,0,0,0,0,0,0,0.0,0.0,0.0,0.0,0,0,0,0,0,0.00,0.00,0.00,0.00,0,False,False
585,597462,Herrington,11,2,33,31,0,0,0,1,0,0,0,0,0,0,0,-1,1.6,0.4,0.0,0.2,1,0,0,1,0,0.00,0.01,0.01,0.64,1,False,True
586,606930,Mendy,11,2,33,58,0,0,0,1,0,0,0,0,0,0,0,3,12.6,0.2,0.0,1.3,5,0,2,7,1,0.00,0.00,0.00,0.26,1,False,True
587,106921,Rulli,15,1,39,0,0,0,0,0,0,0,0,0,0,0,0,0,0.0,0.0,0.0,0.0,0,0,0,0,0,0.00,0.00,0.00,0.00,0,False,False
588,570794,Khalaili,8,2,34,90,1,0,0,3,0,0,0,0,0,0,0,4,40.4,16.0,31.0,8.7,3,4,2,5,1,0.22,0.14,0.36,1.68,7,False,True
589,469266,Gourna-Douath,11,3,33,0,0,0,0,0,0,0,0,0,0,0,0,0,0.0,0.0,0.0,0.0,0,0,0,0,0,0.00,0.00,0.00,0.00,0,False,False
590,428971,Benda,18,1,31,0,0,0,0,0,0,0,0,0,0,0,0,0,0.0,0.0,0.0,0.0,0,0,0,0,0,0.00,0.00,0.00,0.00,0,False,False
591,474120,Enciso,12,3,34,90,0,0,0,2,0,0,0,0,0,0,0,7,2.2,13.8,13.0,2.9,1,4,0,5,1,0.05,0.20,0.25,0.62,2,False,True
592,572584,Ouattara,12,2,34,2,0,0,0,0,0,0,0,0,0,0,0,5,2.2,0.2,0.0,0.2,0,1,1,1,0,0.00,0.00,0.00,0.00,1,False,True
593,463726,Dedić,17,2,40,57,0,0,0,3,0,0,0,0,0,0,0,-3,10.4,2.7,0.0,1.3,3,4,3,6,1,0.00,0.00,0.00,1.91,0,False,True
594,538007,David,5,4,38,0,0,0,0,0,0,0,0,0,0,0,0,0,0.0,0.0,0.0,0.0,0,0,0,0,0,0.00,0.00,0.00,0.00,0,False,False
595,559152,Gozo,8,3,34,6,0,0,0,1,0,0,0,0,0,0,0,3,0.0,0.3,0.0,0.0,0,0,0,0,0,0.00,0.00,0.00,0.48,1,False,True
596,487992,Ruggeri,2,2,31,0,0,0,0,0,0,0,0,0,0,0,0,0,0.0,0.0,0.0,0.0,0,0,0,0,0,0.00,0.00,0.00,0.00,0,False,False
597,433969,Suzuki,2,1,31,90,0,0,0,2,0,0,0,0,0,5,0,17,38.6,0.0,0.0,3.9,2,9,0,0,1,0.00,0.01,0.01,2.28,2,False,True
598,173774,Elvedi,13,2,40,90,0,0,0,1,0,0,0,0,0,0,0,8,18.6,0.9,10.0,3.0,8,3,1,9,1,0.05,0.00,0.05,0.88,2,False,True
599,627221,Cherif,7,4,38,30,0,0,0,3,0,0,0,0,0,0,0,3,1.0,0.2,0.0,0.1,1,0,0,1,0,0.00,0.00,0.00,1.43,1,False,True
600,612855,Osman,5,3,38,12,0,0,0,0,0,0,0,0,0,0,0,2,0.0,1.1,13.0,1.2,0,1,0,1,0,0.05,0.01,0.06,0.22,1,False,True
601,611917,Williams-Barnett,19,3,37,0,0,0,0,0,0,0,0,0,0,0,0,0,0.0,0.0,0.0,0.0,0,0,0,0,0,0.00,0.00,0.00,0.00,0,False,False
602,524180,Humphreys,12,3,34,0,0,0,0,0,0,0,0,0,0,0,0,0,0.0,0.0,0.0,0.0,0,0,0,0,0,0.00,0.00,0.00,0.00,0,False,False
603,643970,Lienou,13,2,40,0,0,0,0,0,0,0,0,0,0,0,0,0,0.0,0.0,0.0,0.0,0,0,0,0,0,0.00,0.00,0.00,0.00,0,False,False
604,592740,Cresswell,13,3,40,0,0,0,0,0,0,0,0,0,0,0,0,0,0.0,0.0,0.0,0.0,0,0,0,0,0,0.00,0.00,0.00,0.00,0,False,False
605,611695,Yalcouyé,5,3,38,64,1,0,1,0,0,0,0,0,0,0,0,29,47.4,12.8,43.0,10.3,2,2,2,6,1,0.67,0.01,0.68,1.11,8,False,True
606,569577,Rowe,2,2,31,0,0,0,0,0,0,0,0,0,0,0,0,0,0.0,0.0,0.0,0.0,0,0,0,0,0,0.00,0.00,0.00,0.00,0,False,False
607,571380,Lynch,2,3,31,0,0,0,0,0,0,0,0,0,0,0,0,0,0.0,0.0,0.0,0.0,0,0,0,0,0,0.00,0.00,0.00,0.00,0,False,False
608,523700,Jebbison,3,4,32,0,0,0,0,0,0,0,0,0,0,0,0,0,0.0,0.0,0.0,0.0,0,0,0,0,0,0.00,0.00,0.00,0.00,0,False,False
609,553746,Shahar,17,2,40,0,0,0,0,0,0,0,0,0,0,0,0,0,0.0,0.0,0.0,0.0,0,0,0,0,0,0.00,0.00,0.00,0.00,0,False,False
610,547686,De Fougerolles,10,2,35,0,0,0,0,0,0,0,0,0,0,0,0,0,0.0,0.0,0.0,0.0,0,0,0,0,0,0.00,0.00,0.00,0.00,0,False,False
611,214590,Wan-Bissaka,2,2,31,90,0,0,0,2,0,0,0,0,0,0,0,11,26.0,13.3,0.0,3.9,7,1,5,12,1,0.00,0.06,0.06,2.28,3,False,True
612,638411,Methalie,20,2,36,0,0,0,0,0,0,0,0,0,0,0,0,0,0.0,0.0,0.0,0.0,0,0,0,0,0,0.00,0.00,0.00,0.00,0,False,False
613,696104,Ahoka,20,3,36,0,0,0,0,0,0,0,0,0,0,0,0,0,0.0,0.0,0.0,0.0,0,0,0,0,0,0.00,0.00,0.00,0.00,0,False,False
614,512123,Hadjam,5,2,38,0,0,0,0,0,0,0,0,0,0,0,0,0,0.0,0.0,0.0,0.0,0,0,0,0,0,0.00,0.00,0.00,0.00,0,False,False
615,230650,Di Gregorio,3,1,32,0,0,0,0,0,0,0,0,0,0,0,0,0,0.0,0.0,0.0,0.0,0,0,0,0,0,0.00,0.00,0.00,0.00,0,False,False
616,637238,Bouaddi,15,3,39,0,0,0,0,0,0,0,0,0,0,0,0,0,0.0,0.0,0.0,0.0,0,0,0,0,0,0.00,0.00,0.00,0.00,0,False,False
617,490884,Cho,11,3,33,30,0,0,0,1,0,0,0,0,0,0,0,3,7.2,18.5,21.0,4.7,1,1,0,2,0,0.47,0.16,0.63,0.64,1,False,True
618,119090,Goretzka,2,3,31,0,0,0,0,0,0,0,0,0,0,0,0,0,0.0,0.0,0.0,0.0,0,0,0,0,0,0.00,0.00,0.00,0.00,0,False,False
619,218543,Palacios,12,3,34,90,0,0,0,2,0,0,0,0,0,0,0,14,18.0,5.9,2.0,2.6,5,5,3,13,1,0.00,0.04,0.04,0.62,4,False,True
620,613804,Diouf,4,2,32,30,0,0,0,0,0,0,0,0,0,0,0,4,3.4,1.0,0.0,0.4,1,1,0,1,0,0.00,0.01,0.01,0.50,1,False,True
621,616288,McAidoo,15,3,39,0,0,0,0,0,0,0,0,0,0,0,0,0,0.0,0.0,0.0,0.0,0,0,0,0,0,0.00,0.00,0.00,0.00,0,False,False
622,554054,Braithwaite,15,2,39,0,0,0,0,0,0,0,0,0,0,0,0,0,0.0,0.0,0.0,0.0,0,0,0,0,0,0.00,0.00,0.00,0.00,0,False,False
623,79602,Bentley,7,1,38,0,0,0,0,0,0,0,0,0,0,0,0,0,0.0,0.0,0.0,0.0,0,0,0,0,0,0.00,0.00,0.00,0.00,0,False,False
624,519324,Cozier-Duberry,5,3,38,0,0,0,0,0,0,0,0,0,0,0,0,0,0.0,0.0,0.0,0.0,0,0,0,0,0,0.00,0.00,0.00,0.00,0,False,False
625,97846,Cairns,13,1,40,0,0,0,0,0,0,0,0,0,0,0,0,0,0.0,0.0,0.0,0.0,0,0,0,0,0,0.00,0.00,0.00,0.00,0,False,False
626,616069,Zepa,10,3,35,0,0,0,0,0,0,0,0,0,0,0,0,0,0.0,0.0,0.0,0.0,0,0,0,0,0,0.00,0.00,0.00,0.00,0,False,False
627,482616,Barcola,14,3,35,71,0,0,1,0,0,0,0,0,0,0,0,9,5.6,13.6,8.0,2.7,0,2,3,5,1,0.21,0.03,0.24,0.60,3,False,True
628,624777,Allan,15,3,39,0,0,0,0,0,0,0,0,0,0,0,0,0,0.0,0.0,0.0,0.0,0,0,0,0,0,0.00,0.00,0.00,0.00,0,False,False
629,155465,Zetterer,13,1,40,0,0,0,0,0,0,0,0,0,0,0,0,0,0.0,0.0,0.0,0.0,0,0,0,0,0,0.00,0.00,0.00,0.00,0,False,False
630,245719,Harwood-Bellis,2,2,31,0,0,0,0,0,0,0,0,0,0,0,0,0,0.0,0.0,0.0,0.0,0,0,0,0,0,0.00,0.00,0.00,0.00,0,False,False
631,638987,Mbaye,2,3,31,27,0,0,0,1,0,0,0,0,0,0,0,6,9.0,15.2,19.0,4.3,0,1,1,2,0,0.02,0.13,0.15,0.86,1,False,True
632,626751,Ansah,11,4,33,0,0,0,0,0,0,0,0,0,0,0,0,0,0.0,0.0,0.0,0.0,0,0,0,0,0,0.00,0.00,0.00,0.00,0,False,False
633,605972,Ahanor,8,2,34,90,0,0,0,3,0,0,0,0,0,0,0,10,24.6,11.9,4.0,4.1,9,4,2,11,1,0.00,0.01,0.01,1.68,3,False,True
634,613221,Fernandez-Pardo,17,4,40,57,0,0,0,3,0,0,0,0,0,0,0,5,2.2,10.9,4.0,1.7,0,1,1,2,1,0.00,0.01,0.01,1.91,1,False,True
635,551050,Larsson,10,3,35,13,0,0,0,0,0,0,0,0,0,0,0,3,0.0,0.5,0.0,0.1,0,1,0,1,0,0.00,0.01,0.01,0.46,1,False,True
636,500033,Ángel,10,3,35,0,0,0,0,0,0,0,0,0,0,0,0,0,0.0,0.0,0.0,0.0,0,0,0,0,0,0.00,0.00,0.00,0.00,0,False,False
637,631000,Vaz,11,4,33,8,0,0,0,0,0,0,0,0,0,0,0,3,0.0,0.5,0.0,0.0,0,1,0,1,0,0.00,0.00,0.00,0.18,1,False,True
638,496181,Norton-Cuffy,11,2,33,8,0,0,0,0,0,0,0,1,0,0,0,0,0.0,0.3,7.0,0.7,0,2,0,0,0,0.05,0.00,0.05,0.18,0,False,True
639,592984,Andrés,5,3,38,25,0,1,0,0,0,0,0,0,0,0,0,10,18.8,13.1,2.0,3.4,2,1,1,4,0,0.24,0.01,0.25,0.22,4,False,True
640,431639,Flemming,12,4,34,27,1,0,0,1,0,0,0,0,0,0,0,32,35.0,1.3,44.0,8.0,1,1,0,2,0,0.52,0.00,0.52,0.41,5,False,True
641,437497,Bard,13,2,40,18,0,0,0,1,0,0,0,0,0,0,0,1,4.4,10.3,0.0,1.5,1,2,1,2,0,0.00,0.00,0.00,0.30,1,False,True
642,243951,Thomas,11,3,33,30,0,0,0,1,0,0,0,0,0,0,0,6,5.6,14.8,4.0,2.4,0,4,0,4,0,0.02,0.03,0.05,0.64,1,False,True
643,172850,Chilwell,8,2,34,13,0,0,0,1,0,0,0,0,0,0,0,1,0.2,3.5,4.0,0.8,1,0,0,1,0,0.12,0.01,0.13,0.55,1,False,True
644,450063,Timber,8,3,34,90,0,0,0,3,0,0,0,0,0,0,0,24,25.2,4.9,27.0,5.7,2,6,8,16,1,0.10,0.03,0.13,1.68,4,False,True
645,647839,Mouzakitis,11,3,33,0,0,0,0,0,0,0,0,0,0,0,0,0,0.0,0.0,0.0,0.0,0,0,0,0,0,0.00,0.00,0.00,0.00,0,False,False
646,549940,Fofana,20,3,36,14,0,0,0,1,0,0,0,0,0,0,0,2,0.0,0.8,6.0,0.6,0,0,0,0,0,0.00,0.00,0.00,0.79,1,False,True
647,533646,Osorio,8,3,34,0,0,0,0,0,0,0,0,0,0,0,0,0,0.0,0.0,0.0,0.0,0,0,0,0,0,0.00,0.00,0.00,0.00,0,False,False
648,587982,Bahoya,13,3,40,0,0,0,0,0,0,0,0,0,0,0,0,0,0.0,0.0,0.0,0.0,0,0,0,0,0,0.00,0.00,0.00,0.00,0,False,False
649,154043,Maitland-Niles,9,2,37,74,0,0,1,0,0,0,0,0,0,0,0,23,10.0,12.0,1.0,2.3,3,4,2,5,1,0.03,0.14,0.17,0.43,6,False,True
650,442299,Affengruber,10,2,35,90,0,0,1,0,0,0,0,0,0,0,0,23,18.6,3.3,0.0,2.2,11,3,1,12,1,0.00,0.00,0.00,1.28,8,False,True
651,661313,J.Angulo,20,4,36,0,0,0,0,0,0,0,0,0,0,0,0,0,0.0,0.0,0.0,0.0,0,0,0,0,0,0.00,0.00,0.00,0.00,0,False,False
652,471551,Azeez,5,3,38,0,0,0,0,0,0,0,0,0,0,0,0,0,0.0,0.0,0.0,0.0,0,0,0,0,0,0.00,0.00,0.00,0.00,0,False,False
653,595480,Samba,15,3,39,0,0,0,0,0,0,0,0,0,0,0,0,0,0.0,0.0,0.0,0.0,0,0,0,0,0,0.00,0.00,0.00,0.00,0,False,False
654,629068,Graham,9,3,37,0,0,0,0,0,0,0,0,0,0,0,0,0,0.0,0.0,0.0,0.0,0,0,0,0,0,0.00,0.00,0.00,0.00,0,False,False
655,242893,Gboho,7,3,38,0,0,0,0,0,0,0,0,0,0,0,0,0,0.0,0.0,0.0,0.0,0,0,0,0,0,0.00,0.00,0.00,0.00,0,False,False
656,566213,Mfuni,7,2,38,0,0,0,0,0,0,0,0,0,0,0,0,0,0.0,0.0,0.0,0.0,0,0,0,0,0,0.00,0.00,0.00,0.00,0,False,False
657,626464,Nunes,4,3,32,0,0,0,0,0,0,0,0,0,0,0,0,0,0.0,0.0,0.0,0.0,0,0,0,0,0,0.00,0.00,0.00,0.00,0,False,False
658,661016,Ibrahim,5,3,38,0,0,0,0,0,0,0,0,0,0,0,0,0,0.0,0.0,0.0,0.0,0,0,0,0,0,0.00,0.00,0.00,0.00,0,False,False
659,665243,Miley,17,3,40,0,0,0,0,0,0,0,0,0,0,0,0,0,0.0,0.0,0.0,0.0,0,0,0,0,0,0.00,0.00,0.00,0.00,0,False,False
