date,captured_at,id,code,web_name,team,element_type,now_cost,cost_change_event,cost_change_start,selected_by_percent,transfers_in_event,transfers_out_event,transfers_in,transfers_out,status,chance_of_playing_next_round,news
2026-10-10,2026-10-10T10:44:53+01:00,1,154561,Raya,1,1,61,1,1,43.8,328591,101167,1168990,693571,a,,
2026-10-10,2026-10-10T10:44:53+01:00,2,109745,Arrizabalaga,1,1,49,0,-1,0.1,193,373,1570,4386,a,,
2026-10-10,2026-10-10T10:44:53+01:00,3,437495,Meslier,1,1,49,0,-1,0.0,82,169,549,1629,a,,
2026-10-10,2026-10-10T10:44:53+01:00,4,226597,Gabriel,1,2,80,0,0,22.6,68046,137521,278289,980412,a,,
2026-10-10,2026-10-10T10:44:53+01:00,5,445122,J.Timber,1,2,65,0,0,0.6,35198,9121,56854,19874,a,100.0,
2026-10-10,2026-10-10T10:44:53+01:00,6,462424,Saliba,1,2,59,0,-1,0.2,579,1505,3661,19058,i,0.0,Back injury - Unknown return date
2026-10-10,2026-10-10T10:44:53+01:00,7,499169,Lewis-Skelly,1,3,54,-1,-1,0.6,2518,7754,31195,52558,a,,
2026-10-10,2026-10-10T10:44:53+01:00,8,466075,Calafiori,1,2,59,1,4,51.4,226469,107289,1806477,445796,a,,
2026-10-10,2026-10-10T10:44:53+01:00,9,448104,Hincapie,1,2,52,-1,-3,0.9,2698,8425,17517,120136,a,,
2026-10-10,2026-10-10T10:44:53+01:00,10,198869,White,1,2,54,-1,-1,4.4,7998,125577,460756,624358,a,100.0,
2026-10-10,2026-10-10T10:44:53+01:00,11,500040,Mosquera,1,2,53,0,-2,1.6,5004,20679,35169,479408,a,100.0,
2026-10-10,2026-10-10T10:44:53+01:00,12,223340,Saka,1,3,96,1,1,17.5,516046,89504,1195668,439355,a,,
2026-10-10,2026-10-10T10:44:53+01:00,13,204480,Rice,1,3,74,0,-1,10.5,9538,187618,121384,830292,d,75.0,Unspecified injury - 75% chance of playing
2026-10-10,2026-10-10T10:44:53+01:00,14,232413,Eze,1,3,62,-1,-3,1.1,12757,10423,33676,143267,a,,
2026-10-10,2026-10-10T10:44:53+01:00,15,184029,Ødegaard,1,3,68,0,3,20.3,240955,190048,1796675,649497,a,,
2026-10-10,2026-10-10T10:44:53+01:00,16,248857,Madueke,1,3,62,0,-3,0.2,1321,2163,6601,26583,a,,
2026-10-10,2026-10-10T10:44:53+01:00,17,195384,Merino,1,3,57,-1,-3,0.4,3877,4092,12614,49382,a,,
2026-10-10,2026-10-10T10:44:53+01:00,18,444145,Martinelli,1,3,63,0,-2,0.1,0,764,2483,22065,u,0.0,Has joined Al Hilal permanently
2026-10-10,2026-10-10T10:44:53+01:00,19,481655,Zubimendi,1,3,53,0,-2,0.5,811,5823,8826,68766,a,,
2026-10-10,2026-10-10T10:44:53+01:00,20,616077,Dowman,1,3,53,0,-2,0.1,600,943,3188,7662,a,100.0,
2026-10-10,2026-10-10T10:44:53+01:00,22,499175,Nwaneri,1,3,54,0,-1,0.0,0,66,233,1266,u,0.0,Has joined Borussia Dortmund on loan for the rest of the season
2026-10-10,2026-10-10T10:44:53+01:00,23,438098,Fábio Vieira,1,3,55,0,0,0.0,0,49,255,928,u,0.0,Has joined Hamburger SV permanently
2026-10-10,2026-10-10T10:44:53+01:00,24,200641,Nelson,1,3,55,0,0,0.0,0,30,68,684,u,0.0,has departed the club as a free agent.
2026-10-10,2026-10-10T10:44:53+01:00,25,224117,Gyökeres,1,4,71,-1,-4,3.9,99975,31424,128198,625748,a,,
2026-10-10,2026-10-10T10:44:53+01:00,26,219847,Havertz,1,4,76,0,1,6.6,55722,226672,658955,587144,d,75.0,Hamstring injury - 75% chance of playing
2026-10-10,2026-10-10T10:44:53+01:00,27,205651,G.Jesus,1,4,59,0,-1,0.1,0,1320,4164,29595,u,0.0,Has joined FC Barcelona permanently
2026-10-10,2026-10-10T10:44:53+01:00,31,199798,Konsa,1,2,46,1,1,17.1,131612,295875,1504919,886983,d,75.0,Unspecified injury - 75% chance of playing
2026-10-10,2026-10-10T10:44:53+01:00,452,208706,Bruno G.,1,3,67,0,-3,1.8,16202,13380,41148,250453,a,100.0,
2026-10-10,2026-10-10T10:44:53+01:00,557,439509,Tzolis,1,3,63,-1,-2,7.7,13096,600434,463463,2063642,i,0.0,Hamstring injury - Expected back 24 Oct
2026-10-10,2026-10-10T10:44:53+01:00,29,72147,M.Bizot,2,1,45,0,0,0.1,112,1664,4706,8040,d,75.0,Back injury - 75% chance of playing
2026-10-10,2026-10-10T10:44:53+01:00,30,101188,Digne,2,2,45,0,0,0.0,0,336,0,8747,u,0.0,Has joined Paris Saint-Germain permanently
2026-10-10,2026-10-10T10:44:53+01:00,32,199796,Cash,2,2,44,0,-1,4.5,6200,54725,98851,448714,a,100.0,
2026-10-10,2026-10-10T10:44:53+01:00,33,149484,Mings,2,2,45,0,0,0.4,4923,3049,19643,19073,a,,
2026-10-10,2026-10-10T10:44:53+01:00,34,244954,Pau,2,2,44,-1,-1,0.3,90,5538,11283,29896,d,75.0,Hamstring injury - 75% chance of playing
2026-10-10,2026-10-10T10:44:53+01:00,35,515597,Bogarde,2,3,49,-1,-1,0.1,259,668,3000,4996,a,,
2026-10-10,2026-10-10T10:44:53+01:00,36,441302,Maatsen,2,2,44,-1,-1,0.4,90,14041,31932,69779,i,0.0,Ankle injury - Unknown return date
2026-10-10,2026-10-10T10:44:53+01:00,37,184667,Lindelöf,2,2,45,0,0,0.3,3021,2918,16621,15941,a,,
2026-10-10,2026-10-10T10:44:53+01:00,38,606798,A.García,2,2,40,0,0,1.5,2936,11069,46382,72969,a,,
2026-10-10,2026-10-10T10:44:53+01:00,39,578545,Nedeljkovic,2,2,40,0,0,0.1,0,1018,0,15703,u,0.0,Has joined Rangers on loan for the rest of the season
2026-10-10,2026-10-10T10:44:53+01:00,41,195546,Buendía,2,3,59,0,-1,1.2,33746,11873,81730,103018,a,,
2026-10-10,2026-10-10T10:44:53+01:00,44,215711,Bailey,2,3,54,0,-1,0.0,0,760,2096,13491,u,0.0,Has joined Olympiakos permanently
2026-10-10,2026-10-10T10:44:53+01:00,45,122806,McGinn,2,3,54,0,-1,2.2,19086,22168,82917,169130,a,,
2026-10-10,2026-10-10T10:44:53+01:00,46,88894,Barkley,2,3,50,0,0,0.2,962,3501,16519,17978,a,,
2026-10-10,2026-10-10T10:44:53+01:00,47,226944,Kamara,2,3,50,0,0,0.3,2543,3173,15752,23121,a,100.0,
2026-10-10,2026-10-10T10:44:53+01:00,48,449871,Onana,2,3,49,0,-1,0.0,101,146,572,1716,i,0.0,Knee injury - Unknown return date
2026-10-10,2026-10-10T10:44:53+01:00,49,469247,Iling Jr,2,3,50,0,0,0.0,0,13,0,238,u,0.0,Has joined Bolton Wanderers on loan for the rest of the season
2026-10-10,2026-10-10T10:44:53+01:00,50,645618,Burrowes,2,3,45,0,0,0.5,939,5939,21764,37663,a,,
2026-10-10,2026-10-10T10:44:53+01:00,51,577285,George Hemmings,2,3,45,0,0,1.1,5615,20790,118298,80723,a,,
2026-10-10,2026-10-10T10:44:53+01:00,52,653481,Alysson,2,3,50,0,0,0.0,85,1279,3371,4142,d,75.0,Unspecified injury - 75% chance of playing
2026-10-10,2026-10-10T10:44:53+01:00,53,614071,Manzambi,2,3,59,0,-1,0.8,67825,8872,70811,25491,a,100.0,
2026-10-10,2026-10-10T10:44:53+01:00,54,448089,Gomes,2,3,55,0,0,0.0,782,339,1621,4248,a,100.0,
2026-10-10,2026-10-10T10:44:53+01:00,55,178301,Watkins,2,4,78,0,-2,2.4,0,18915,14882,766296,u,0.0,Has joined Al Hilal permanently
2026-10-10,2026-10-10T10:44:53+01:00,56,173879,Abraham,2,4,55,0,0,0.2,3393,3045,17441,14221,a,100.0,
2026-10-10,2026-10-10T10:44:53+01:00,160,493105,Garnacho,2,3,58,0,-2,0.3,924,4160,7872,42613,a,,
2026-10-10,2026-10-10T10:44:53+01:00,166,517052,N.Jackson,2,4,65,0,0,2.0,95675,19015,240937,95955,a,,
2026-10-10,2026-10-10T10:44:53+01:00,582,690838,Madjo,2,4,54,0,-1,0.2,1050,3349,3735,32120,d,75.0,Unspecified injury - 75% chance of playing
2026-10-10,2026-10-10T10:44:53+01:00,596,487992,Ruggeri,2,2,45,0,0,0.1,1939,821,4582,6085,a,,
2026-10-10,2026-10-10T10:44:53+01:00,597,433969,Suzuki,2,1,50,0,0,1.9,24322,14050,161886,69909,a,,
2026-10-10,2026-10-10T10:44:53+01:00,606,569577,Rowe,2,2,40,0,0,0.2,505,1172,13201,6427,a,,
2026-10-10,2026-10-10T10:44:53+01:00,607,571380,Lynch,2,3,45,0,0,0.1,0,901,7103,8345,u,0.0,Has joined Oxford United on loan until January
2026-10-10,2026-10-10T10:44:53+01:00,611,214590,Wan-Bissaka,2,2,45,0,0,0.2,3069,2385,19922,8718,a,,
2026-10-10,2026-10-10T10:44:53+01:00,618,119090,Goretzka,2,3,59,0,-1,0.0,56,549,4665,4863,i,0.0,Knee injury - Expected back 17 Oct
2026-10-10,2026-10-10T10:44:53+01:00,630,245719,Harwood-Bellis,2,2,45,0,0,0.0,382,324,2359,1130,a,,
2026-10-10,2026-10-10T10:44:53+01:00,631,638987,Mbaye,2,3,60,0,0,0.1,1708,1958,11216,5639,a,,
2026-10-10,2026-10-10T10:44:53+01:00,667,481283,Wright,2,1,40,0,0,0.2,17236,2821,17236,2821,a,,
2026-10-10,2026-10-10T10:44:53+01:00,57,457569,Petrović,3,1,45,0,0,2.9,15701,26014,121684,138685,a,,
2026-10-10,2026-10-10T10:44:53+01:00,58,40383,Forster,3,1,40,0,0,3.5,19622,15752,128816,87573,a,,
2026-10-10,2026-10-10T10:44:53+01:00,59,444172,Dennis,3,1,40,0,0,0.1,0,1169,1133,8137,u,0.0,Has joined MK Dons permanently
2026-10-10,2026-10-10T10:44:53+01:00,60,463981,Hill,3,2,55,0,0,0.8,6951,6189,34692,46783,a,,
2026-10-10,2026-10-10T10:44:53+01:00,61,494521,Truffert,3,2,54,-1,-1,2.9,10454,25692,62323,173975,a,,
2026-10-10,2026-10-10T10:44:53+01:00,62,242882,Diakité,3,2,49,-1,-1,0.2,711,1407,7369,12472,a,,
2026-10-10,2026-10-10T10:44:53+01:00,63,620487,Milosavljević,3,2,49,0,-1,0.0,74,108,380,905,i,0.0,Thigh injury - Unknown return date
2026-10-10,2026-10-10T10:44:53+01:00,64,54469,Smith,3,2,45,0,0,0.1,1012,1082,7810,7910,a,,
2026-10-10,2026-10-10T10:44:53+01:00,65,436893,J.Araujo,3,2,44,0,-1,0.0,83,118,467,1357,i,0.0,Thigh injury - Unknown return date
2026-10-10,2026-10-10T10:44:53+01:00,66,575901,Soler,3,2,40,0,0,0.3,1266,1896,14357,11781,a,100.0,
2026-10-10,2026-10-10T10:44:53+01:00,67,499604,Rayan,3,3,63,-1,-2,1.5,10451,19478,59121,178974,a,,
2026-10-10,2026-10-10T10:44:53+01:00,68,201658,Tavernier,3,3,61,0,1,7.2,188359,99594,799552,274318,a,,
2026-10-10,2026-10-10T10:44:53+01:00,69,503139,Scott,3,3,61,0,1,4.3,26855,192013,550758,362189,i,0.0,Thigh injury - Unknown return date
2026-10-10,2026-10-10T10:44:53+01:00,70,222683,Kluivert,3,3,59,-1,-1,0.7,2401,38439,52758,103321,i,0.0,Unspecified injury - Unknown return date
2026-10-10,2026-10-10T10:44:53+01:00,71,155408,Cook,3,3,50,0,0,0.2,452,2042,13286,14823,a,,
2026-10-10,2026-10-10T10:44:53+01:00,72,496208,Gannon-Doak,3,3,49,0,-1,0.1,239,733,1739,4993,a,,
2026-10-10,2026-10-10T10:44:53+01:00,73,200785,Adams,3,3,50,0,0,0.3,2280,2721,19489,17712,a,100.0,
2026-10-10,2026-10-10T10:44:53+01:00,74,111317,Brooks,3,3,50,0,0,0.1,375,606,3557,4064,a,100.0,
2026-10-10,2026-10-10T10:44:53+01:00,75,158499,Christie,3,3,50,0,0,0.0,885,475,4140,2420,a,100.0,
2026-10-10,2026-10-10T10:44:53+01:00,76,614574,Tóth.A,3,3,49,0,-1,0.0,49,97,406,826,a,,
2026-10-10,2026-10-10T10:44:53+01:00,77,489888,Adli,3,3,49,0,-1,0.0,49,120,318,2261,i,0.0,Calf injury - Unknown return date
2026-10-10,2026-10-10T10:44:53+01:00,78,560262,Kroupi.Jr,3,3,74,0,-1,0.2,310,1281,1356,27799,i,0.0,Foot injury - Expected back 7 Nov
2026-10-10,2026-10-10T10:44:53+01:00,79,444102,Evanilson,3,4,60,0,0,3.3,45784,40665,281245,195492,a,,
2026-10-10,2026-10-10T10:44:53+01:00,80,168636,Enes Ünal,3,4,55,0,0,0.0,0,77,0,2009,u,0.0,Has joined Getafe permanently
2026-10-10,2026-10-10T10:44:53+01:00,81,561245,Rodríguez,3,4,60,0,0,0.1,1460,1075,6167,7206,a,100.0,
2026-10-10,2026-10-10T10:44:53+01:00,566,483067,Silva,3,2,50,0,0,0.6,34872,14553,60334,35994,a,,
2026-10-10,2026-10-10T10:44:53+01:00,573,494928,Sanchez,3,2,44,0,-1,0.2,236,791,1656,7448,a,,
2026-10-10,2026-10-10T10:44:53+01:00,608,523700,Jebbison,3,4,50,0,0,0.1,1507,1433,13870,7788,a,,
2026-10-10,2026-10-10T10:44:53+01:00,615,230650,Di Gregorio,3,1,45,0,0,0.0,280,293,3023,1842,a,,
2026-10-10,2026-10-10T10:44:53+01:00,82,200720,Kelleher,4,1,50,0,0,6.1,40079,32339,271716,232605,a,,
2026-10-10,2026-10-10T10:44:53+01:00,83,507433,Valdimarsson,4,1,45,0,0,0.1,522,679,3087,4929,a,,
2026-10-10,2026-10-10T10:44:53+01:00,84,432830,Collins,4,2,54,0,-1,0.9,177,17957,58796,165313,i,0.0,Calf injury - Unknown return date
2026-10-10,2026-10-10T10:44:53+01:00,85,444765,Van den Berg,4,2,49,0,-1,0.1,71,567,444,9173,i,0.0,Groin injury - Unknown return date
2026-10-10,2026-10-10T10:44:53+01:00,86,249231,Lewis-Potter,4,3,55,0,0,1.6,7512,23973,194157,132354,a,,
2026-10-10,2026-10-10T10:44:53+01:00,87,191866,Ajer,4,2,45,0,0,3.7,30044,57023,335531,310715,a,,
2026-10-10,2026-10-10T10:44:53+01:00,88,607464,Kayode,4,2,46,0,1,7.6,38633,46612,621331,392846,a,,
2026-10-10,2026-10-10T10:44:53+01:00,89,194010,Henry,4,2,44,0,-1,0.2,264,1101,2088,9099,a,,
2026-10-10,2026-10-10T10:44:53+01:00,90,472713,Hickey,4,2,45,0,0,0.1,340,468,2254,3201,a,,
2026-10-10,2026-10-10T10:44:53+01:00,92,570241,Ji-soo,4,2,44,-1,-1,0.0,97,130,531,1002,a,,
2026-10-10,2026-10-10T10:44:53+01:00,93,513086,Schuster,4,2,45,0,0,0.6,42820,6602,44382,11090,a,,
2026-10-10,2026-10-10T10:44:53+01:00,94,513418,Schade,4,3,62,1,2,16.2,920163,93108,1540018,313112,a,,
2026-10-10,2026-10-10T10:44:53+01:00,95,533463,O.Dango,4,3,63,0,-2,0.4,1907,7683,16268,86262,a,,
2026-10-10,2026-10-10T10:44:53+01:00,96,440089,Damsgaard,4,3,54,0,-1,0.4,2041,7217,15552,35333,d,75.0,Unspecified injury - 75% chance of playing
2026-10-10,2026-10-10T10:44:53+01:00,97,207283,Jensen,4,3,54,0,-1,0.1,25,1200,4510,15634,i,0.0,Unspecified injury - Expected back 10 Oct
2026-10-10,2026-10-10T10:44:53+01:00,98,204580,Janelt,4,3,50,0,0,2.5,38498,36508,325558,125599,a,,
2026-10-10,2026-10-10T10:44:53+01:00,99,543295,Milambo,4,3,50,0,0,0.0,17,15,126,167,i,0.0,Knee injury - Unknown return date
2026-10-10,2026-10-10T10:44:53+01:00,100,244858,Carvalho,4,3,50,0,0,0.0,915,283,2213,1561,a,100.0,
2026-10-10,2026-10-10T10:44:53+01:00,102,508395,Yarmoliuk,4,3,48,0,-2,0.6,3204,8175,7657,66525,a,,
2026-10-10,2026-10-10T10:44:53+01:00,103,183656,Dasilva,4,3,49,0,-1,0.0,20,192,411,2037,i,0.0,Hamstring injury - Expected back 10 Oct
2026-10-10,2026-10-10T10:44:53+01:00,105,444180,Anthony,4,3,59,0,-1,0.2,4780,1234,9778,11635,a,,
2026-10-10,2026-10-10T10:44:53+01:00,106,502500,Thiago,4,4,78,0,-2,9.6,141224,81924,361647,1078832,a,,
2026-10-10,2026-10-10T10:44:53+01:00,107,593174,Furo,4,4,45,0,0,0.8,1387,16214,62460,73376,i,0.0,Unspecified injury - Unknown return date
2026-10-10,2026-10-10T10:44:53+01:00,108,75115,Wilson,4,4,54,-1,-1,0.3,2165,3784,16514,27849,a,,
2026-10-10,2026-10-10T10:44:53+01:00,565,513545,M.Sangaré,4,3,56,-1,1,8.7,15994,267709,1235282,949598,a,,
2026-10-10,2026-10-10T10:44:53+01:00,620,613804,Diouf,4,2,45,0,0,0.1,1026,1168,14187,7830,a,,
2026-10-10,2026-10-10T10:44:53+01:00,657,626464,Nunes,4,3,45,0,0,0.0,538,353,2280,746,a,,
2026-10-10,2026-10-10T10:44:53+01:00,660,612534,Fredrick,4,2,40,0,0,0.0,806,107,806,107,a,,
2026-10-10,2026-10-10T10:44:53+01:00,661,235448,Balcombe,4,1,40,0,0,0.1,5871,1148,5871,1148,a,,
2026-10-10,2026-10-10T10:44:53+01:00,109,489639,Verbruggen,5,1,45,0,0,21.2,161320,197715,854795,733569,a,,
2026-10-10,2026-10-10T10:44:53+01:00,111,49262,Steele,5,1,40,0,0,4.0,16264,32573,156451,138328,a,,
2026-10-10,2026-10-10T10:44:53+01:00,113,231416,F.Kadıoğlu,5,2,44,0,-1,1.5,10352,17509,36765,145052,a,100.0,
2026-10-10,2026-10-10T10:44:53+01:00,114,204120,Boscagli,5,2,45,0,0,0.3,5761,2147,19978,13224,a,,
2026-10-10,2026-10-10T10:44:53+01:00,115,465730,De Cuyper,5,2,50,1,5,31.5,717972,59631,3136311,444662,a,,
2026-10-10,2026-10-10T10:44:53+01:00,116,83299,Dunk,5,2,45,0,0,1.5,15735,18582,97296,59646,a,100.0,
2026-10-10,2026-10-10T10:44:53+01:00,117,550090,Coppola,5,2,45,0,0,0.0,191,162,1003,1125,a,,
2026-10-10,2026-10-10T10:44:53+01:00,118,223434,Igor,5,2,45,0,0,0.0,0,486,915,6129,u,0.0,Has joined Burnley permanently
2026-10-10,2026-10-10T10:44:53+01:00,119,451490,Costinha,5,2,45,0,0,0.0,306,228,1411,1553,a,,
2026-10-10,2026-10-10T10:44:53+01:00,120,454490,Svoboda,5,2,50,0,0,0.1,1670,670,4846,4192,a,,
2026-10-10,2026-10-10T10:44:53+01:00,121,451340,Mitoma,5,3,59,0,-1,0.0,186,240,612,3177,i,0.0,Hamstring injury - Expected back 10 Oct
2026-10-10,2026-10-10T10:44:53+01:00,122,592031,Minteh,5,3,58,-1,-2,0.0,64,336,354,7010,i,0.0,Leg injury - Expected back 28 Nov
2026-10-10,2026-10-10T10:44:53+01:00,123,532529,Hinshelwood,5,3,59,0,-1,0.5,654,10922,148275,220148,d,50.0,Ankle injury - 50% chance of playing
2026-10-10,2026-10-10T10:44:53+01:00,124,60307,Groß,5,3,59,2,4,36.2,1562809,38607,2923302,568390,a,,
2026-10-10,2026-10-10T10:44:53+01:00,125,463067,Georginio,5,4,53,-1,-2,0.4,5201,7885,37198,80513,a,100.0,
2026-10-10,2026-10-10T10:44:53+01:00,126,219249,O'Riley,5,3,54,0,-1,0.1,604,813,3778,6769,a,,
2026-10-10,2026-10-10T10:44:53+01:00,127,514254,Gomez,5,3,50,0,0,3.6,26987,88630,349494,350261,a,,
2026-10-10,2026-10-10T10:44:53+01:00,128,536916,Buonanotte,5,3,50,0,0,0.0,0,11,0,334,u,0.0,Has joined Elche on loan for the rest of the season
2026-10-10,2026-10-10T10:44:53+01:00,129,509416,Ayari,5,3,54,0,-1,0.4,5470,4326,15711,43881,a,100.0,
2026-10-10,2026-10-10T10:44:53+01:00,130,467779,Wieffer,5,2,49,0,-1,0.2,42,3351,25957,44783,i,0.0,Knee injury - Unknown return date
2026-10-10,2026-10-10T10:44:53+01:00,132,597320,Howell,5,3,45,0,0,0.0,0,375,0,3853,u,0.0,Has joined Leicester City on loan for the rest of the season
2026-10-10,2026-10-10T10:44:53+01:00,133,549074,Watson,5,3,50,0,0,0.0,0,7,0,138,u,0.0,Has joined Leicester City on loan for the rest of the season
2026-10-10,2026-10-10T10:44:53+01:00,134,556637,Oriola,5,3,44,-1,-1,0.2,837,2588,9241,15456,a,,
2026-10-10,2026-10-10T10:44:53+01:00,135,700308,Yohanna,5,3,48,-1,-2,0.0,33,693,1276,5800,i,0.0,Unspecified injury - Expected back 10 Oct
2026-10-10,2026-10-10T10:44:53+01:00,137,608181,Tzimas,5,4,54,0,-1,0.0,57,90,354,788,i,0.0,Knee injury - Unknown return date
2026-10-10,2026-10-10T10:44:53+01:00,138,647850,Kostoulas,5,4,56,1,1,8.4,762527,63690,867218,96200,a,,
2026-10-10,2026-10-10T10:44:53+01:00,139,487117,Ferguson,5,4,50,0,0,0.0,222,371,1673,2640,i,0.0,Ankle injury - Expected back 10 Oct
2026-10-10,2026-10-10T10:44:53+01:00,328,222694,Struijk,5,2,49,0,-1,0.2,696,2010,5725,13261,d,75.0,Hamstring injury - 75% chance of playing
2026-10-10,2026-10-10T10:44:53+01:00,504,610799,Vuskovic,5,2,50,0,0,4.2,134963,37140,338063,161952,a,,
2026-10-10,2026-10-10T10:44:53+01:00,594,538007,David,5,4,59,-1,-1,0.2,4693,3450,16555,23723,a,,
2026-10-10,2026-10-10T10:44:53+01:00,600,612855,Osman,5,3,50,0,0,0.0,159,198,990,1165,a,,
2026-10-10,2026-10-10T10:44:53+01:00,605,611695,Yalcouyé,5,3,45,0,0,3.9,53649,65225,582538,203179,a,,
2026-10-10,2026-10-10T10:44:53+01:00,614,512123,Hadjam,5,2,45,0,0,0.0,357,357,4096,2062,a,,
2026-10-10,2026-10-10T10:44:53+01:00,624,519324,Cozier-Duberry,5,3,50,0,0,0.0,0,7,117,115,u,0.0,Has joined Middlesbrough on loan for the rest of the season
2026-10-10,2026-10-10T10:44:53+01:00,639,592984,Andrés,5,3,55,0,0,0.1,5632,600,6876,1068,a,,
2026-10-10,2026-10-10T10:44:53+01:00,652,471551,Azeez,5,3,55,0,0,0.0,30,67,453,224,i,0.0,Hamstring injury - Expected back 10 Oct
2026-10-10,2026-10-10T10:44:53+01:00,658,661016,Ibrahim,5,3,45,0,0,0.0,474,285,1637,553,a,,
2026-10-10,2026-10-10T10:44:53+01:00,28,98980,Martinez,6,1,50,0,0,4.7,18427,37269,256194,261850,a,,
2026-10-10,2026-10-10T10:44:53+01:00,40,244850,Rogers,6,3,78,1,3,42.8,454960,139215,2784383,730902,a,,
2026-10-10,2026-10-10T10:44:53+01:00,101,56979,Henderson,6,3,49,0,-1,0.0,781,255,1394,2729,a,100.0,
2026-10-10,2026-10-10T10:44:53+01:00,136,50175,Welbeck,6,4,59,0,-1,1.0,15969,21404,69905,95308,a,100.0,
2026-10-10,2026-10-10T10:44:53+01:00,140,215059,Sánchez,6,1,49,0,-1,0.6,0,8953,10847,180561,u,0.0,Has joined Como on loan for the rest of the season
2026-10-10,2026-10-10T10:44:53+01:00,141,508479,Jörgensen,6,1,50,0,0,0.0,0,38,0,956,u,0.0,Has joined RC Strasbourg on loan for the rest of the season
2026-10-10,2026-10-10T10:44:53+01:00,142,225796,James,6,2,53,-1,-2,5.4,5032,121544,173237,644233,a,100.0,
2026-10-10,2026-10-10T10:44:53+01:00,143,180736,Chalobah,6,2,55,0,0,0.1,0,435,0,14065,u,0.0,Has joined Como permanently
2026-10-10,2026-10-10T10:44:53+01:00,144,482609,Gusto,6,2,49,-1,-1,0.9,2605,10619,37932,71099,a,,
2026-10-10,2026-10-10T10:44:53+01:00,145,444463,Fofana,6,2,50,0,0,0.2,5545,2272,21651,9213,a,100.0,
2026-10-10,2026-10-10T10:44:53+01:00,146,242880,B.Badiashile,6,2,45,0,0,0.0,0,67,232,1964,u,0.0,Has joined Napoli on loan for the rest of the season
2026-10-10,2026-10-10T10:44:53+01:00,148,551210,Hato,6,2,45,0,0,0.8,1932,15118,92327,67445,a,,
2026-10-10,2026-10-10T10:44:53+01:00,149,460028,Colwill,6,2,48,-1,-2,0.8,3081,10851,28737,103876,a,,
2026-10-10,2026-10-10T10:44:53+01:00,150,574458,M.Sarr,6,2,45,0,0,0.0,0,282,429,6098,u,0.0,Has joined Real Sociedad on loan for the rest of the season
2026-10-10,2026-10-10T10:44:53+01:00,151,577016,Acheampong,6,2,45,0,0,0.3,745,3523,21457,24082,a,,
2026-10-10,2026-10-10T10:44:53+01:00,152,620109,Palestra,6,2,53,0,-2,0.6,1613,8048,8073,224589,a,100.0,
2026-10-10,2026-10-10T10:44:53+01:00,154,244851,Palmer,6,3,97,0,2,24.2,131516,393514,2034892,888820,a,100.0,
2026-10-10,2026-10-10T10:44:53+01:00,156,247632,Neto,6,3,65,0,0,1.4,13250,17175,90375,98826,a,,
2026-10-10,2026-10-10T10:44:53+01:00,157,624773,Estêvão,6,3,63,0,-2,0.7,3664,6220,19578,88955,a,,
2026-10-10,2026-10-10T10:44:53+01:00,158,463936,Gittens,6,3,58,-1,-2,0.0,170,396,1149,3026,i,0.0,Ankle injury - Unknown return date
2026-10-10,2026-10-10T10:44:53+01:00,159,486672,Caicedo,6,3,53,0,-2,1.0,1961,14465,16599,286857,a,100.0,
2026-10-10,2026-10-10T10:44:53+01:00,161,514356,Lavia,6,3,50,0,0,0.2,993,4001,26368,17111,a,,
2026-10-10,2026-10-10T10:44:53+01:00,163,491007,D.Essugo,6,3,45,0,0,0.1,0,1326,2698,15038,u,0.0,Has joined RC Strasbourg on loan for the rest of the season
2026-10-10,2026-10-10T10:44:53+01:00,164,593117,Quenda,6,3,53,0,-2,0.0,105,281,937,3501,a,100.0,
2026-10-10,2026-10-10T10:44:53+01:00,165,475168,João Pedro,6,4,77,-1,2,65.5,357657,603030,1872398,1675526,a,100.0,
2026-10-10,2026-10-10T10:44:53+01:00,168,499309,Marc Guiu,6,4,50,0,0,0.2,0,2604,4102,34328,u,0.0,Has joined RB Leipzig permanently
2026-10-10,2026-10-10T10:44:53+01:00,169,567119,Mheuka,6,4,45,0,0,0.5,6917,5588,34638,27377,a,,
2026-10-10,2026-10-10T10:44:53+01:00,170,503037,Emegha,6,4,49,-1,-1,0.1,178,1544,6178,13051,i,0.0,Hamstring injury - Expected back 10 Oct
2026-10-10,2026-10-10T10:44:53+01:00,200,437499,Lacroix,6,2,59,-1,-1,6.6,19147,53994,185801,449570,a,,
2026-10-10,2026-10-10T10:44:53+01:00,560,549939,Penders,6,1,44,0,-1,0.1,347,474,2122,3794,a,,
2026-10-10,2026-10-10T10:44:53+01:00,561,622758,Anselmino,6,2,45,0,0,0.0,110,146,867,1294,a,100.0,
2026-10-10,2026-10-10T10:44:53+01:00,568,543158,Barco,6,3,54,0,-1,0.1,345,767,3268,7334,a,,
2026-10-10,2026-10-10T10:44:53+01:00,583,498444,Chavarria,6,2,49,0,-1,0.2,1138,1097,4098,11703,a,,
2026-10-10,2026-10-10T10:44:53+01:00,662,636846,Nicoll-Jazuli,6,3,45,0,0,0.0,476,113,476,113,a,,
2026-10-10,2026-10-10T10:44:53+01:00,91,231065,Pinnock,7,2,45,0,0,0.1,1480,530,3649,4301,a,,
2026-10-10,2026-10-10T10:44:53+01:00,104,428580,Onyeka,7,3,49,0,-1,0.1,328,924,4138,10051,a,100.0,
2026-10-10,2026-10-10T10:44:53+01:00,110,472739,Rushworth,7,1,45,0,0,0.7,6150,11191,27297,64355,a,,
2026-10-10,2026-10-10T10:44:53+01:00,171,484389,Dovin,7,1,40,0,0,0.9,0,10934,8924,64102,u,0.0,Has joined Leyton Orient on loan for the rest of the season
2026-10-10,2026-10-10T10:44:53+01:00,172,110690,Wilson,7,1,44,0,-1,0.3,391,1283,1561,12980,a,,
2026-10-10,2026-10-10T10:44:53+01:00,173,461102,Thomas,7,2,40,0,0,8.8,95490,73886,432924,326910,a,,
2026-10-10,2026-10-10T10:44:53+01:00,174,436761,Kitching,7,2,40,0,0,0.3,0,3957,981,35050,u,0.0,Has joined Sheffield United on loan for the rest of the season
2026-10-10,2026-10-10T10:44:53+01:00,175,451284,van Ewijk,7,2,40,0,0,7.6,1658,182952,123563,607626,d,75.0,Hamstring injury - 75% chance of playing
2026-10-10,2026-10-10T10:44:53+01:00,176,173878,Dasilva,7,2,40,0,0,0.9,21404,5222,30687,26188,a,,
2026-10-10,2026-10-10T10:44:53+01:00,177,465390,Kesler-Hayden,7,2,39,-1,-1,0.1,4919,4042,5518,7267,d,50.0,Hamstring injury - 50% chance of playing
2026-10-10,2026-10-10T10:44:53+01:00,178,80178,Bidwell,7,2,40,0,0,0.1,332,591,2639,3822,a,,
2026-10-10,2026-10-10T10:44:53+01:00,179,204813,Latibeaudiere,7,2,40,0,0,0.0,140,274,1051,1877,a,,
2026-10-10,2026-10-10T10:44:53+01:00,180,220583,Woolfenden,7,2,39,-1,-1,0.1,836,1318,3071,9827,i,0.0,Knee injury - Unknown return date
2026-10-10,2026-10-10T10:44:53+01:00,181,577411,Brau,7,2,40,0,0,0.0,0,234,275,2304,u,0.0,Has joined Academico de Viseu on loan for the rest of the season
2026-10-10,2026-10-10T10:44:53+01:00,182,539142,Amenda,7,2,40,0,0,0.5,94,12437,11539,39339,i,0.0,Calf injury - Unknown return date
2026-10-10,2026-10-10T10:44:53+01:00,183,480457,Rudoni,7,3,49,0,-1,0.1,2108,1594,5578,8983,a,100.0,
2026-10-10,2026-10-10T10:44:53+01:00,184,168144,Grimes,7,3,49,0,-1,0.1,388,1888,4285,12279,a,,
2026-10-10,2026-10-10T10:44:53+01:00,185,501459,Sakamoto,7,3,48,0,-2,0.1,175,788,1065,6160,a,,
2026-10-10,2026-10-10T10:44:53+01:00,186,241293,Mason-Clark,7,3,53,-1,-2,0.1,136,651,1175,6255,a,100.0,
2026-10-10,2026-10-10T10:44:53+01:00,187,439668,Eccles,7,3,48,-1,-2,0.0,76,164,689,1540,i,0.0,Unspecified injury - Expected back 12 Oct
2026-10-10,2026-10-10T10:44:53+01:00,188,226965,Torp,7,3,53,-1,-2,0.1,53,824,806,8356,a,,
2026-10-10,2026-10-10T10:44:53+01:00,189,684268,Shepherd,7,3,44,0,-1,0.3,5491,4675,12211,17546,a,,
2026-10-10,2026-10-10T10:44:53+01:00,190,469272,Tchaouna,7,3,53,-1,-2,0.1,60,730,3176,8607,a,,
2026-10-10,2026-10-10T10:44:53+01:00,191,492498,Borges Rodrigues,7,3,45,0,0,0.1,0,1533,1943,12357,u,0.0,Has joined Burton Albion on loan for the rest of the season
2026-10-10,2026-10-10T10:44:53+01:00,192,629397,Andrews,7,3,45,0,0,0.2,0,4661,2718,43766,u,0.0,Has joined Oxford United on loan for the rest of the season
2026-10-10,2026-10-10T10:44:53+01:00,193,176412,Wright,7,4,53,-1,-2,0.1,72,966,639,12892,i,0.0,Thigh injury - Unknown return date
2026-10-10,2026-10-10T10:44:53+01:00,194,230730,Thomas-Asante,7,4,50,0,0,0.8,20911,12566,71536,63591,a,,
2026-10-10,2026-10-10T10:44:53+01:00,195,218997,Simms,7,4,49,-1,-1,0.6,6056,10874,44560,70092,a,,
2026-10-10,2026-10-10T10:44:53+01:00,196,551262,Markelo,7,4,50,0,0,0.0,0,94,0,1221,u,0.0,Has joined Shabab Al-Ahli Dubai permanently
2026-10-10,2026-10-10T10:44:53+01:00,197,549653,Bassette,7,4,45,0,0,0.0,0,235,0,2194,u,0.0,Has joined KVC Westerlo on loan for the rest of the season
2026-10-10,2026-10-10T10:44:53+01:00,492,210156,Awoniyi,7,4,54,-1,-1,0.3,197,10168,21470,69963,s,0.0,Suspended until 19 Oct
2026-10-10,2026-10-10T10:44:53+01:00,575,661888,Yirenkyi,7,3,48,-1,-2,0.1,586,2062,3238,14729,a,,
2026-10-10,2026-10-10T10:44:53+01:00,584,196100,Hamer,7,3,53,-1,-2,0.1,75,802,825,6809,a,,
2026-10-10,2026-10-10T10:44:53+01:00,599,627221,Cherif,7,4,50,0,0,0.1,977,1338,7904,8177,a,,
2026-10-10,2026-10-10T10:44:53+01:00,623,79602,Bentley,7,1,40,0,0,0.9,37510,6136,107888,23028,a,,
2026-10-10,2026-10-10T10:44:53+01:00,655,242893,Gboho,7,3,55,0,0,0.0,110,75,308,124,a,,
2026-10-10,2026-10-10T10:44:53+01:00,656,566213,Mfuni,7,2,40,0,0,0.1,3427,1323,11739,3124,a,,
2026-10-10,2026-10-10T10:44:53+01:00,42,485337,Guessand,8,3,54,0,-1,0.0,162,412,2455,3783,a,,
2026-10-10,2026-10-10T10:44:53+01:00,153,220362,Disasi,8,2,45,0,0,0.1,51,1666,9452,11247,s,0.0,Suspended until 25 Oct
2026-10-10,2026-10-10T10:44:53+01:00,198,172649,Henderson,8,1,49,-1,-1,1.2,212,20313,55338,129221,i,0.0,Foot injury - Expected back 18 Oct
2026-10-10,2026-10-10T10:44:53+01:00,199,121709,Benitez,8,1,45,0,0,0.1,1988,879,5080,5296,a,,
2026-10-10,2026-10-10T10:44:53+01:00,202,427623,Richards,8,2,49,-1,-1,0.6,3866,4149,24778,39880,a,,
2026-10-10,2026-10-10T10:44:53+01:00,203,651426,Canvot,8,2,48,-1,-2,0.2,1148,1836,6490,20486,a,,
2026-10-10,2026-10-10T10:44:53+01:00,204,244723,Mitchell,8,2,45,0,0,6.0,35159,41353,331694,289755,a,,
2026-10-10,2026-10-10T10:44:53+01:00,205,218364,Sosa,8,2,45,0,0,0.0,0,173,236,2142,u,0.0,Has joined FC Cologne on loan for the rest of the season
2026-10-10,2026-10-10T10:44:53+01:00,206,515621,Chadi Riad,8,2,43,-1,-2,0.0,45,275,669,5826,i,0.0,Knee injury - Unknown return date
2026-10-10,2026-10-10T10:44:53+01:00,207,242313,Mingueza,8,2,43,-1,-2,0.1,226,682,2136,5238,a,,
2026-10-10,2026-10-10T10:44:53+01:00,208,232185,Sarr,8,3,62,0,-3,0.7,6903,4599,10957,379050,a,100.0,
2026-10-10,2026-10-10T10:44:53+01:00,210,496221,Wharton,8,3,54,-1,-1,0.7,1979,7627,30386,51617,a,100.0,
2026-10-10,2026-10-10T10:44:53+01:00,211,488024,Yeremy,8,3,55,0,0,0.3,1302,6516,45846,34913,a,,
2026-10-10,2026-10-10T10:44:53+01:00,212,108413,Hughes,8,3,44,0,-1,6.7,16812,108196,130211,546811,a,,
2026-10-10,2026-10-10T10:44:53+01:00,213,152551,Lerma,8,3,48,-1,-2,0.1,192,702,1398,5883,a,,
2026-10-10,2026-10-10T10:44:53+01:00,214,209400,Kamada,8,3,50,0,0,0.5,7084,6462,53831,28079,a,,
2026-10-10,2026-10-10T10:44:53+01:00,215,489706,Devenny,8,3,50,0,0,0.0,0,64,132,978,u,0.0,Has joined Stoke City permanently
2026-10-10,2026-10-10T10:44:53+01:00,216,606921,Esse,8,3,50,0,0,0.0,0,220,399,3331,u,0.0,Has joined Millwall on loan for the rest of the season
2026-10-10,2026-10-10T10:44:53+01:00,217,536694,M.França,8,3,49,0,-1,0.0,0,313,1007,3595,u,0.0,Has joined Alverca on loan for the rest of the season
2026-10-10,2026-10-10T10:44:53+01:00,218,438464,Doucouré,8,3,48,-1,-2,0.0,211,517,2185,4682,a,,
2026-10-10,2026-10-10T10:44:53+01:00,219,450542,J.Rak-Sakyi,8,3,49,0,-1,0.0,0,41,145,483,u,0.0,has joined  Kasimpasa on loan for the rest of the seaon.
2026-10-10,2026-10-10T10:44:53+01:00,220,590014,Cardines,8,2,45,0,0,0.0,0,5,0,130,u,0.0,Has joined Bristol City on loan for the rest of the season
2026-10-10,2026-10-10T10:44:53+01:00,221,672492,Drakes-Thomas,8,3,44,-1,-1,0.1,356,808,2904,5053,a,,
2026-10-10,2026-10-10T10:44:53+01:00,222,247412,Strand Larsen,8,4,60,0,0,0.7,14541,8467,59766,45521,a,,
2026-10-10,2026-10-10T10:44:53+01:00,223,231747,Mateta,8,4,63,0,-2,1.2,347,15504,26100,460991,i,0.0,Hamstring injury - Expected back 18 Oct
2026-10-10,2026-10-10T10:44:53+01:00,224,205533,Nketiah,8,4,55,0,0,0.5,2556,6509,48537,53156,a,100.0,
2026-10-10,2026-10-10T10:44:53+01:00,225,660392,Uche,8,4,50,0,0,0.0,0,0,0,0,u,0.0,has returned to Getafe CF
2026-10-10,2026-10-10T10:44:53+01:00,241,433154,McNeil,8,3,53,-1,-2,0.1,171,936,1878,8665,a,,
2026-10-10,2026-10-10T10:44:53+01:00,555,169593,Matthews,8,1,40,0,0,1.7,2597,5340,24781,33780,a,,
2026-10-10,2026-10-10T10:44:53+01:00,577,223723,Tomiyasu,8,2,44,0,-1,0.2,172,3281,3501,15401,i,0.0,Calf injury - Expected back 18 Oct
2026-10-10,2026-10-10T10:44:53+01:00,588,570794,Khalaili,8,2,50,0,0,0.3,4275,3876,36968,18130,a,100.0,
2026-10-10,2026-10-10T10:44:53+01:00,595,559152,Gozo,8,3,49,-1,-1,0.0,62,144,512,937,a,,
2026-10-10,2026-10-10T10:44:53+01:00,633,605972,Ahanor,8,2,45,0,0,0.0,245,201,2020,653,a,,
2026-10-10,2026-10-10T10:44:53+01:00,643,172850,Chilwell,8,2,45,0,0,0.4,1122,5822,43676,21032,a,,
2026-10-10,2026-10-10T10:44:53+01:00,644,450063,Timber,8,3,50,0,0,0.0,844,516,4667,1708,a,,
2026-10-10,2026-10-10T10:44:53+01:00,647,533646,Osorio,8,3,55,0,0,0.0,48,117,967,453,a,,
2026-10-10,2026-10-10T10:44:53+01:00,21,128295,Nørgaard,9,3,48,-1,-2,0.0,151,649,591,7751,d,50.0,Groin injury - 50% chance of playing
2026-10-10,2026-10-10T10:44:53+01:00,209,242898,Johnson,9,3,59,0,-1,0.1,799,1593,5694,11308,a,,
2026-10-10,2026-10-10T10:44:53+01:00,226,111234,Pickford,9,1,55,0,0,9.3,53948,36729,321465,256848,a,,
2026-10-10,2026-10-10T10:44:53+01:00,227,229600,Travers,9,1,50,0,0,0.0,417,422,1975,2284,a,,
2026-10-10,2026-10-10T10:44:53+01:00,228,138001,King,9,1,45,0,0,0.0,187,267,1254,1834,a,,
2026-10-10,2026-10-10T10:44:53+01:00,229,17761,Tarkowski,9,2,62,1,2,18.7,457548,73151,1168356,336737,a,,
2026-10-10,2026-10-10T10:44:53+01:00,230,480455,Branthwaite,9,2,55,0,0,2.7,54592,17723,174764,82188,a,,
2026-10-10,2026-10-10T10:44:53+01:00,231,106611,Keane,9,2,48,0,-2,0.7,1043,7469,9948,94268,a,,
2026-10-10,2026-10-10T10:44:53+01:00,232,512462,O'Brien,9,2,48,-1,-2,0.3,728,2170,4983,25641,a,,
2026-10-10,2026-10-10T10:44:53+01:00,233,224967,Mykolenko,9,2,46,1,1,3.5,47474,91952,418666,188405,d,75.0,Leg injury - 75% chance of playing
2026-10-10,2026-10-10T10:44:53+01:00,234,243571,Patterson,9,2,45,0,0,0.0,0,217,371,2530,u,0.0,Has joined Torino permanently
2026-10-10,2026-10-10T10:44:53+01:00,235,499300,Aznou,9,2,40,0,0,0.1,0,1198,1728,11792,u,0.0,Has joined Malaga on loan for the rest of the season
2026-10-10,2026-10-10T10:44:53+01:00,236,215413,Dewsbury-Hall,9,3,66,1,1,5.5,56687,111321,607451,390685,a,,
2026-10-10,2026-10-10T10:44:53+01:00,238,114283,Grealish,9,3,65,0,0,0.5,8540,5541,45584,25825,a,100.0,
2026-10-10,2026-10-10T10:44:53+01:00,239,232928,Garner,9,3,60,0,0,0.2,4678,4040,24130,15940,a,100.0,
2026-10-10,2026-10-10T10:44:53+01:00,242,550615,George,9,3,55,0,0,0.8,4364,23766,109029,55430,a,,
2026-10-10,2026-10-10T10:44:53+01:00,243,502697,Alcaraz,9,3,49,0,-1,0.1,264,711,2965,6144,a,,
2026-10-10,2026-10-10T10:44:53+01:00,244,609873,Armstrong,9,3,50,0,0,0.4,1531,5456,54591,34810,a,100.0,
2026-10-10,2026-10-10T10:44:53+01:00,245,496661,Dibling,9,3,53,-1,-2,0.0,206,297,1261,2796,a,,
2026-10-10,2026-10-10T10:44:53+01:00,246,513466,Röhl,9,3,49,0,-1,0.0,12,1076,1967,5176,d,50.0,Unspecified injury - 50% chance of playing
2026-10-10,2026-10-10T10:44:53+01:00,247,244860,Hackney,9,3,54,-1,-1,0.2,290,1990,3841,12830,a,100.0,
2026-10-10,2026-10-10T10:44:53+01:00,248,486385,Beto,9,4,54,0,-1,0.5,0,13143,16222,225465,u,0.0,Has joined Fiorentina permanently
2026-10-10,2026-10-10T10:44:53+01:00,249,586309,Barry,9,4,57,1,2,8.8,196321,109721,1078476,427897,a,,
2026-10-10,2026-10-10T10:44:53+01:00,649,154043,Maitland-Niles,9,2,45,0,0,1.5,39199,11156,112231,21048,a,,
2026-10-10,2026-10-10T10:44:53+01:00,654,629068,Graham,9,3,45,0,0,0.1,354,1362,11400,5667,a,,
2026-10-10,2026-10-10T10:44:53+01:00,250,80201,Leno,10,1,45,0,0,4.0,127730,32112,238627,123154,a,,
2026-10-10,2026-10-10T10:44:53+01:00,251,86873,Lecomte,10,1,40,0,0,1.1,7527,6064,30255,29499,a,,
2026-10-10,2026-10-10T10:44:53+01:00,252,505079,McNally,10,1,40,0,0,0.1,0,1210,2589,7206,u,0.0,Has joined York City on loan for the rest of the season
2026-10-10,2026-10-10T10:44:53+01:00,253,174874,Andersen,10,2,50,0,0,0.2,7843,2441,19717,10551,a,100.0,
2026-10-10,2026-10-10T10:44:53+01:00,254,169528,Robinson,10,2,45,0,0,1.4,37203,28256,79688,92231,d,75.0,Ankle injury - 75% chance of playing
2026-10-10,2026-10-10T10:44:53+01:00,255,246301,J.Cuenca,10,2,45,0,0,0.0,148,198,1628,2091,a,,
2026-10-10,2026-10-10T10:44:53+01:00,256,167074,Tete,10,2,44,0,-1,0.2,260,1527,1591,10972,a,100.0,
2026-10-10,2026-10-10T10:44:53+01:00,257,232892,Bassey,10,2,45,0,0,1.0,33259,5971,54273,34117,a,,
2026-10-10,2026-10-10T10:44:53+01:00,258,166477,Castagne,10,2,45,0,0,1.3,55950,12861,132592,51590,a,,
2026-10-10,2026-10-10T10:44:53+01:00,261,153133,Iwobi,10,3,54,0,-1,0.7,14769,7329,33689,59690,a,,
2026-10-10,2026-10-10T10:44:53+01:00,262,209289,Smith Rowe,10,3,53,-1,-2,0.2,706,2304,4904,21963,a,,
2026-10-10,2026-10-10T10:44:53+01:00,263,560552,Kevin,10,3,53,0,-2,0.0,427,515,2231,4452,a,,
2026-10-10,2026-10-10T10:44:53+01:00,264,477555,Bobb,10,3,55,0,0,0.3,8040,3588,22043,22694,a,,
2026-10-10,2026-10-10T10:44:53+01:00,265,207189,Berge,10,3,49,0,-1,0.3,1732,2762,7463,19518,a,,
2026-10-10,2026-10-10T10:44:53+01:00,266,76357,Cairney,10,3,49,0,-1,0.0,31,31,132,342,i,0.0,Knee injury - Expected back 17 Oct
2026-10-10,2026-10-10T10:44:53+01:00,268,577725,King,10,3,56,1,1,4.7,345426,56409,589561,134977,a,,
2026-10-10,2026-10-10T10:44:53+01:00,269,184349,Sessegnon,10,2,43,-1,-2,0.3,1033,2515,3476,20213,a,100.0,
2026-10-10,2026-10-10T10:44:53+01:00,270,153366,Reed,10,3,44,0,-1,1.1,4396,13556,37888,79781,a,,
2026-10-10,2026-10-10T10:44:53+01:00,271,244042,Muniz,10,4,54,0,-1,0.4,4222,5023,18551,37464,a,,
2026-10-10,2026-10-10T10:44:53+01:00,272,631786,Kusi-Asare,10,4,45,0,0,5.1,22665,70375,172136,338180,a,,
2026-10-10,2026-10-10T10:44:53+01:00,569,551466,Gonzalo,10,4,61,1,1,7.3,458180,74888,820489,354273,a,,
2026-10-10,2026-10-10T10:44:53+01:00,570,571779,Palacios,10,3,54,0,-1,0.2,1369,1848,6658,11494,a,,
2026-10-10,2026-10-10T10:44:53+01:00,580,463210,Charles,10,3,50,0,0,0.1,3767,1223,5497,4899,a,,
2026-10-10,2026-10-10T10:44:53+01:00,610,547686,De Fougerolles,10,2,40,0,0,0.1,0,651,5787,5397,u,0.0,has joined  Real Salt Lake on loan for the rest of the seaon.
2026-10-10,2026-10-10T10:44:53+01:00,626,616069,Zepa,10,3,44,-1,-1,0.3,4886,3756,39053,19970,a,,
2026-10-10,2026-10-10T10:44:53+01:00,635,551050,Larsson,10,3,50,0,0,0.0,171,110,916,343,a,,
2026-10-10,2026-10-10T10:44:53+01:00,636,500033,Ángel,10,3,50,0,0,0.0,57,43,394,185,a,,
2026-10-10,2026-10-10T10:44:53+01:00,650,442299,Affengruber,10,2,45,0,0,0.6,70941,10821,73819,11443,a,,
2026-10-10,2026-10-10T10:44:53+01:00,240,490094,Iroegbunam,11,3,50,0,0,0.0,120,194,1158,1208,a,100.0,
2026-10-10,2026-10-10T10:44:53+01:00,273,167825,Phillips,11,1,40,0,0,1.4,6769,7941,32894,42824,a,,
2026-10-10,2026-10-10T10:44:53+01:00,274,105666,Butland,11,1,44,-1,-1,0.1,106,552,675,5165,i,0.0,Arm injury - Unknown return date
2026-10-10,2026-10-10T10:44:53+01:00,275,494950,Cartwright,11,1,40,0,0,0.0,0,47,0,349,u,0.0,Has joined Grimsby Town on loan for the rest of the season
2026-10-10,2026-10-10T10:44:53+01:00,276,444307,Lo-Tutala,11,1,40,0,0,0.0,0,210,0,1204,u,0.0,Has joined Colchester United on loan for the rest of the season
2026-10-10,2026-10-10T10:44:53+01:00,277,108416,Egan,11,2,41,0,1,7.4,106110,62150,829269,249071,a,,
2026-10-10,2026-10-10T10:44:53+01:00,278,501902,Hughes,11,2,39,0,-1,0.2,1546,2998,17335,13965,i,0.0,Groin injury - Unknown return date
2026-10-10,2026-10-10T10:44:53+01:00,279,146426,Ajayi,11,2,42,0,2,14.0,100190,106218,1411575,356720,a,100.0,
2026-10-10,2026-10-10T10:44:53+01:00,280,193278,Coyle,11,2,40,0,0,0.7,4117,4263,29689,28071,a,100.0,
2026-10-10,2026-10-10T10:44:53+01:00,281,433590,Drameh,11,2,40,0,0,0.0,0,382,2118,4635,u,0.0,Has joined Genoa permanently
2026-10-10,2026-10-10T10:44:53+01:00,282,232351,Giles,11,2,40,0,0,3.0,44558,26987,301375,79278,a,,
2026-10-10,2026-10-10T10:44:53+01:00,283,449428,Jacob,11,2,40,0,0,0.0,0,75,114,732,u,0.0,Has joined Newport County on loan until January
2026-10-10,2026-10-10T10:44:53+01:00,284,661800,McCarthy,11,2,40,0,0,0.1,673,784,5207,4936,a,,
2026-10-10,2026-10-10T10:44:53+01:00,285,160817,McNair,11,2,40,0,0,0.1,352,807,3305,5116,a,100.0,
2026-10-10,2026-10-10T10:44:53+01:00,286,540324,Belloumi,11,3,51,0,1,6.1,191208,58400,621144,118438,a,,
2026-10-10,2026-10-10T10:44:53+01:00,287,232905,Millar,11,3,50,0,0,0.0,0,505,3178,7725,u,0.0,Has joined Birmingham on loan for the rest of the season
2026-10-10,2026-10-10T10:44:53+01:00,288,171270,Dowell,11,3,44,-1,-1,0.3,1037,3765,12794,23348,a,,
2026-10-10,2026-10-10T10:44:53+01:00,289,101282,Crooks,11,3,44,-1,-1,0.5,10070,8914,29429,45143,a,100.0,
2026-10-10,2026-10-10T10:44:53+01:00,290,243413,Slater,11,3,45,0,0,5.0,40242,81595,523175,322594,a,,
2026-10-10,2026-10-10T10:44:53+01:00,291,465525,Matazo,11,3,45,0,0,0.0,57,103,408,541,i,0.0,Knee injury - Unknown return date
2026-10-10,2026-10-10T10:44:53+01:00,292,208481,Ömür,11,3,49,0,-1,0.0,120,230,1238,1711,a,,
2026-10-10,2026-10-10T10:44:53+01:00,293,490161,Kamara,11,3,50,0,0,0.0,0,15,0,377,u,0.0,Has joined Portsmouth permanently
2026-10-10,2026-10-10T10:44:53+01:00,294,553783,Zambrano,11,3,45,0,0,0.1,250,803,3979,7132,a,100.0,
2026-10-10,2026-10-10T10:44:53+01:00,295,169432,McBurnie,11,4,55,0,0,1.9,19347,33079,200333,168426,a,,
2026-10-10,2026-10-10T10:44:53+01:00,296,213292,Akintola,11,3,50,0,0,0.0,0,425,2704,5038,u,0.0,Has joined Omonoia FC permanently
2026-10-10,2026-10-10T10:44:53+01:00,297,470294,Gyabi,11,3,44,-1,-1,0.0,126,228,515,1696,i,0.0,Thigh injury - Unknown return date
2026-10-10,2026-10-10T10:44:53+01:00,298,500957,Destan,11,4,45,0,0,0.2,0,2393,0,23346,u,0.0,Has joined Konyaspor permanently
2026-10-10,2026-10-10T10:44:53+01:00,299,534392,Burstow,11,4,45,0,0,0.0,0,337,0,3187,u,0.0,Has joined Sheffield Wednesday on loan for the rest of the season
2026-10-10,2026-10-10T10:44:53+01:00,340,462635,Gelhardt,11,3,50,0,0,0.0,141,173,751,1080,a,100.0,
2026-10-10,2026-10-10T10:44:53+01:00,556,169359,Targett,11,2,40,0,0,1.5,170,22288,24894,99564,i,0.0,Ankle injury - Unknown return date
2026-10-10,2026-10-10T10:44:53+01:00,563,445028,Morita,11,3,49,-1,-1,0.0,46,266,749,1862,a,100.0,
2026-10-10,2026-10-10T10:44:53+01:00,572,473284,Tzolakis,11,1,47,1,2,13.4,226992,66681,1098320,262331,a,,
2026-10-10,2026-10-10T10:44:53+01:00,574,552946,Hjertø-Dahl,11,3,49,0,-1,0.1,110,648,1471,4768,a,,
2026-10-10,2026-10-10T10:44:53+01:00,576,608227,Stroud,11,3,50,0,0,0.1,239,921,3761,5144,a,,
2026-10-10,2026-10-10T10:44:53+01:00,585,597462,Herrington,11,2,40,0,0,0.6,1663,3136,13462,20023,a,,
2026-10-10,2026-10-10T10:44:53+01:00,586,606930,Mendy,11,2,41,0,1,6.2,19154,48575,695446,373558,a,100.0,
2026-10-10,2026-10-10T10:44:53+01:00,589,469266,Gourna-Douath,11,3,50,0,0,0.0,49,197,718,1432,a,,
2026-10-10,2026-10-10T10:44:53+01:00,617,490884,Cho,11,3,50,0,0,0.0,577,230,2013,842,a,,
2026-10-10,2026-10-10T10:44:53+01:00,632,626751,Ansah,11,4,50,0,0,0.0,104,637,5151,3717,i,0.0,Back injury - Unknown return date
2026-10-10,2026-10-10T10:44:53+01:00,637,631000,Vaz,11,4,50,0,0,0.1,3000,1796,13505,4617,a,,
2026-10-10,2026-10-10T10:44:53+01:00,638,496181,Norton-Cuffy,11,2,40,0,0,0.2,648,3465,26264,11291,a,100.0,
2026-10-10,2026-10-10T10:44:53+01:00,642,243951,Thomas,11,3,55,0,0,0.0,825,536,3429,1385,a,,
2026-10-10,2026-10-10T10:44:53+01:00,645,647839,Mouzakitis,11,3,50,0,0,0.0,138,122,830,348,a,,
2026-10-10,2026-10-10T10:44:53+01:00,259,219924,Diop,12,2,40,0,0,11.9,19367,144713,148404,597335,a,,
2026-10-10,2026-10-10T10:44:53+01:00,267,212314,Lukić,12,3,49,-1,-1,0.1,546,1192,3774,7145,a,,
2026-10-10,2026-10-10T10:44:53+01:00,300,108813,Walton,12,1,44,0,-1,0.4,4737,2489,6422,16402,a,,
2026-10-10,2026-10-10T10:44:53+01:00,301,112520,Palmer,12,1,40,0,0,3.8,13427,27963,84023,129202,a,,
2026-10-10,2026-10-10T10:44:53+01:00,302,50093,Button,12,1,40,0,0,0.6,4035,2893,34045,16745,a,,
2026-10-10,2026-10-10T10:44:53+01:00,303,183015,Kipré,12,2,39,0,-1,0.9,7929,7489,52550,32236,a,,
2026-10-10,2026-10-10T10:44:53+01:00,304,216616,O'Shea,12,2,40,0,0,2.5,8341,32766,71760,146109,a,,
2026-10-10,2026-10-10T10:44:53+01:00,305,455084,Davis,12,2,40,0,0,7.8,161066,61786,481269,219402,a,,
2026-10-10,2026-10-10T10:44:53+01:00,306,449429,Greaves,12,2,39,-1,-1,1.2,13441,11018,21177,45759,a,,
2026-10-10,2026-10-10T10:44:53+01:00,307,222018,Johnson,12,2,40,0,0,0.1,0,771,1137,6718,u,0.0,Has joined Stoke City on loan for the rest of the season
2026-10-10,2026-10-10T10:44:53+01:00,308,176420,Furlong,12,2,39,0,-1,0.6,9156,5655,21793,22432,a,,
2026-10-10,2026-10-10T10:44:53+01:00,309,501390,Núñez,12,3,49,0,-1,0.1,154,1194,3171,8201,a,,
2026-10-10,2026-10-10T10:44:53+01:00,310,241117,Matusiwa,12,3,49,0,-1,0.0,24,33,135,294,a,100.0,
2026-10-10,2026-10-10T10:44:53+01:00,311,149929,Burns,12,3,50,0,0,0.0,0,11,0,350,u,0.0,Has joined Leicester City permanently
2026-10-10,2026-10-10T10:44:53+01:00,312,231899,Taylor,12,3,44,-1,-1,0.0,732,492,1308,2873,a,100.0,
2026-10-10,2026-10-10T10:44:53+01:00,313,443261,Clarke,12,3,53,-1,-2,0.2,567,1923,5918,16717,a,,
2026-10-10,2026-10-10T10:44:53+01:00,314,229164,Ogbene,12,3,49,0,-1,0.0,0,107,104,1249,u,0.0,Has joined Lincoln City on loan until January
2026-10-10,2026-10-10T10:44:53+01:00,315,531442,Fatawu,12,3,54,0,-1,0.1,89,4657,5391,15501,s,0.0,Suspended until 17 Oct
2026-10-10,2026-10-10T10:44:53+01:00,316,543968,Emersonn,12,4,56,1,1,4.1,93646,41445,377344,160719,a,100.0,
2026-10-10,2026-10-10T10:44:53+01:00,317,222625,Hirst,12,4,50,0,0,0.1,0,1036,0,17666,u,0.0,Has joined Stoke City permanently
2026-10-10,2026-10-10T10:44:53+01:00,318,481624,Philogene,12,3,54,0,-1,0.1,79,310,347,9434,a,100.0,
2026-10-10,2026-10-10T10:44:53+01:00,319,172453,Szmodics,12,3,50,0,0,0.0,0,30,0,777,u,0.0,Has joined Derby County on loan for the rest of the season
2026-10-10,2026-10-10T10:44:53+01:00,320,147675,Akpom,12,4,50,0,0,1.1,8068,16628,134024,81061,a,,
2026-10-10,2026-10-10T10:44:53+01:00,321,557012,Walle Egeli,12,4,45,0,0,3.5,40332,51139,352953,235626,a,,
2026-10-10,2026-10-10T10:44:53+01:00,322,462387,Al-Hamadi,12,4,50,0,0,0.0,0,681,755,10226,u,0.0,Has joined Sheffield Wednesday on loan for the rest of the season
2026-10-10,2026-10-10T10:44:53+01:00,323,461587,McAteer,12,3,44,-1,-1,1.0,4257,13467,31001,69314,a,,
2026-10-10,2026-10-10T10:44:53+01:00,324,232457,Mehmeti,12,3,48,-1,-2,0.0,113,306,439,2637,a,,
2026-10-10,2026-10-10T10:44:53+01:00,554,546600,Van Oevelen,12,1,45,0,0,0.0,0,172,54,2046,u,0.0,Has joined Valencia on loan for the rest of the season
2026-10-10,2026-10-10T10:44:53+01:00,562,442967,Maeda,12,3,53,-1,-2,0.2,276,3163,3004,21933,a,,
2026-10-10,2026-10-10T10:44:53+01:00,564,240514,Scherpen,12,1,45,0,0,0.6,1810,5312,16377,25889,a,,
2026-10-10,2026-10-10T10:44:53+01:00,571,216055,Florentino,12,3,48,-1,-2,0.1,209,841,1154,7572,a,100.0,
2026-10-10,2026-10-10T10:44:53+01:00,591,474120,Enciso,12,3,55,0,0,0.8,8645,12947,100208,59236,a,100.0,
2026-10-10,2026-10-10T10:44:53+01:00,592,572584,Ouattara,12,2,40,0,0,0.8,1524,4220,14309,28356,a,,
2026-10-10,2026-10-10T10:44:53+01:00,602,524180,Humphreys,12,3,45,0,0,0.0,0,306,2861,3300,u,0.0,Has joined Huddersfield Town on loan for the rest of the season
2026-10-10,2026-10-10T10:44:53+01:00,619,218543,Palacios,12,3,50,0,0,0.1,1003,1475,9491,4085,a,,
2026-10-10,2026-10-10T10:44:53+01:00,640,431639,Flemming,12,4,55,0,0,0.1,2373,1839,10735,4061,a,,
2026-10-10,2026-10-10T10:44:53+01:00,260,153682,Wilson,13,3,62,0,-3,1.4,147,69890,29118,486592,d,75.0,Thigh injury - 75% chance of playing
2026-10-10,2026-10-10T10:44:53+01:00,326,201595,Perri,13,1,45,0,0,0.3,0,2458,532,27658,u,0.0,Has joined Torino on loan for the rest of the season
2026-10-10,2026-10-10T10:44:53+01:00,327,434752,Bijol,13,2,50,0,0,0.7,1361,9392,69663,63007,a,,
2026-10-10,2026-10-10T10:44:53+01:00,329,214225,Rodon,13,2,43,-1,-2,0.6,95,22299,26989,310304,i,0.0,Hamstring injury - Expected back 21 Nov
2026-10-10,2026-10-10T10:44:53+01:00,330,226182,Bogle,13,2,46,0,1,8.3,261896,65363,788469,124571,a,,
2026-10-10,2026-10-10T10:44:53+01:00,331,243526,Gudmundsson,13,2,45,0,0,0.1,1809,837,5407,3267,a,100.0,
2026-10-10,2026-10-10T10:44:53+01:00,332,220627,Justin,13,2,45,0,0,1.4,13635,14829,130907,79742,a,,
2026-10-10,2026-10-10T10:44:53+01:00,333,437738,Bornauw,13,2,45,0,0,0.0,0,10,0,304,u,0.0,Has joined Hamburg SV on loan for the rest of the season
2026-10-10,2026-10-10T10:44:53+01:00,334,522047,Muharemović,13,2,50,0,0,4.5,93964,65433,365249,214317,a,,
2026-10-10,2026-10-10T10:44:53+01:00,335,466525,Stach,13,3,60,0,0,2.3,10170,37743,207513,182476,a,,
2026-10-10,2026-10-10T10:44:53+01:00,336,435997,Okafor,13,3,58,0,-2,0.4,4391,8647,29498,40433,a,,
2026-10-10,2026-10-10T10:44:53+01:00,337,427637,Aaronson,13,3,53,-1,-2,0.4,403,6896,6966,51625,a,,
2026-10-10,2026-10-10T10:44:53+01:00,338,199598,Ampadu,13,3,54,0,-1,0.9,4373,11886,20806,67565,a,,
2026-10-10,2026-10-10T10:44:53+01:00,339,180135,Longstaff,13,3,48,-1,-2,0.1,351,1202,2724,8686,a,,
2026-10-10,2026-10-10T10:44:53+01:00,341,492859,Gnonto,13,3,50,0,0,0.0,0,99,244,1857,u,0.0,Has joined ACF Fiorentina on loan for the rest of the season
2026-10-10,2026-10-10T10:44:53+01:00,342,221399,Harrison,13,3,50,0,0,0.0,0,7,0,81,u,0.0,Has joined New England Revolution permanently
2026-10-10,2026-10-10T10:44:53+01:00,343,200617,James,13,3,49,0,-1,0.1,259,1651,4228,9101,i,0.0,Back injury - Expected back 18 Oct
2026-10-10,2026-10-10T10:44:53+01:00,344,486520,Gruev,13,3,50,0,0,0.0,74,35,153,330,a,100.0,
2026-10-10,2026-10-10T10:44:53+01:00,345,248056,Tanaka,13,3,49,0,-1,0.3,4289,4695,24807,19930,a,,
2026-10-10,2026-10-10T10:44:53+01:00,346,177815,Calvert-Lewin,13,4,60,0,0,22.7,181124,459911,1097753,1612853,a,,
2026-10-10,2026-10-10T10:44:53+01:00,347,174594,Nmecha,13,4,54,0,-1,0.4,3539,6453,23733,39874,a,,
2026-10-10,2026-10-10T10:44:53+01:00,348,235826,Piroe,13,4,50,0,0,0.1,0,713,0,11508,u,0.0,Has joined West Ham United on loan for the rest of the season
2026-10-10,2026-10-10T10:44:53+01:00,349,565297,Mateo Joseph,13,4,45,0,0,0.1,669,837,3455,4811,i,0.0,Knee injury - Unknown return date
2026-10-10,2026-10-10T10:44:53+01:00,385,432720,Trafford,13,1,50,0,0,5.5,45251,32739,287222,177084,a,,
2026-10-10,2026-10-10T10:44:53+01:00,598,173774,Elvedi,13,2,45,0,0,0.1,1002,538,6117,3097,a,,
2026-10-10,2026-10-10T10:44:53+01:00,603,643970,Lienou,13,2,40,0,0,0.1,384,714,7057,4181,a,,
2026-10-10,2026-10-10T10:44:53+01:00,604,592740,Cresswell,13,3,45,0,0,0.1,579,1309,14335,8337,a,,
2026-10-10,2026-10-10T10:44:53+01:00,625,97846,Cairns,13,1,40,0,0,0.2,1595,1169,20554,6327,a,,
2026-10-10,2026-10-10T10:44:53+01:00,629,155465,Zetterer,13,1,40,0,0,0.7,5797,4060,61237,15435,a,,
2026-10-10,2026-10-10T10:44:53+01:00,641,437497,Bard,13,2,45,0,0,0.0,165,125,1027,401,a,,
2026-10-10,2026-10-10T10:44:53+01:00,648,587982,Bahoya,13,3,50,0,0,0.0,133,351,2265,1319,d,75.0,Ankle injury - 75% chance of playing
2026-10-10,2026-10-10T10:44:53+01:00,350,116535,A.Becker,14,1,55,0,0,4.2,26664,25057,159982,158581,a,,
2026-10-10,2026-10-10T10:44:53+01:00,351,449027,Mamardashvili,14,1,48,-1,-2,0.1,359,857,2971,8875,a,,
2026-10-10,2026-10-10T10:44:53+01:00,352,155503,Woodman,14,1,40,0,0,1.0,1585,4106,19079,28964,a,,
2026-10-10,2026-10-10T10:44:53+01:00,353,586268,Pecsi,14,1,40,0,0,0.0,0,115,0,1142,u,0.0,Has joined TSV Hartberg on loan for the rest of the season
2026-10-10,2026-10-10T10:44:53+01:00,354,432987,Jaros,14,1,40,0,0,0.0,386,279,1933,1365,i,0.0,Knee injury - Unknown return date
2026-10-10,2026-10-10T10:44:53+01:00,355,464353,Davies,14,1,40,0,0,0.2,596,739,5048,4519,a,,
2026-10-10,2026-10-10T10:44:53+01:00,356,97032,Virgil,14,2,65,0,0,16.0,45943,94254,302959,666887,a,,
2026-10-10,2026-10-10T10:44:53+01:00,357,216094,Frimpong,14,2,53,0,-2,1.7,2398,23205,59741,256590,a,,
2026-10-10,2026-10-10T10:44:53+01:00,358,544877,Kerkez,14,2,53,-1,-2,2.1,4356,24459,49373,201831,a,,
2026-10-10,2026-10-10T10:44:53+01:00,359,171287,Gomez,14,2,49,0,-1,0.0,486,152,906,1216,a,100.0,
2026-10-10,2026-10-10T10:44:53+01:00,360,492777,Bradley,14,2,50,0,0,0.0,81,131,398,843,i,0.0,Knee injury - Unknown return date
2026-10-10,2026-10-10T10:44:53+01:00,361,519440,Lucky,14,2,40,0,0,0.1,413,881,3990,6106,a,,
2026-10-10,2026-10-10T10:44:53+01:00,362,606702,Jacquet,14,2,50,0,0,3.5,64550,40254,262432,150287,a,100.0,
2026-10-10,2026-10-10T10:44:53+01:00,363,647681,Leoni,14,2,40,0,0,0.0,102,326,903,2257,i,0.0,Knee injury - Unknown return date
2026-10-10,2026-10-10T10:44:53+01:00,364,214285,Tsimikas,14,2,49,0,-1,0.1,164,569,1651,4595,a,,
2026-10-10,2026-10-10T10:44:53+01:00,365,489580,Ramsay,14,2,40,0,0,0.1,0,858,638,13087,u,0.0,Has joined St Mirren on loan for the rest of the season
2026-10-10,2026-10-10T10:44:53+01:00,366,494595,Wirtz,14,3,73,0,-2,5.4,17345,91918,147613,815315,a,,
2026-10-10,2026-10-10T10:44:53+01:00,367,243298,Gakpo,14,3,72,0,2,9.3,55410,395725,1341822,1023322,i,0.0,Ankle injury - Unknown return date
2026-10-10,2026-10-10T10:44:53+01:00,368,424876,Szoboszlai,14,3,69,-1,-1,30.0,78683,523007,971042,1991165,a,,
2026-10-10,2026-10-10T10:44:53+01:00,369,611922,Ngumoha,14,3,57,-1,-3,0.4,1621,7280,15399,92306,a,,
2026-10-10,2026-10-10T10:44:53+01:00,370,223541,Chiesa,14,3,53,-1,-2,0.0,21,356,686,10189,d,25.0,Back injury - 25% chance of playing
2026-10-10,2026-10-10T10:44:53+01:00,371,441266,Gravenberch,14,3,58,-1,-2,1.0,2075,14135,36613,135488,a,,
2026-10-10,2026-10-10T10:44:53+01:00,372,243016,Mac Allister,14,3,54,0,-1,1.3,6577,12545,48197,102259,a,,
2026-10-10,2026-10-10T10:44:53+01:00,373,206915,C.Jones,14,3,55,0,0,0.0,0,105,34,2692,u,0.0,Has joined Internazionale permanently
2026-10-10,2026-10-10T10:44:53+01:00,374,158983,Endo,14,3,49,0,-1,0.1,217,581,2380,4947,a,100.0,
2026-10-10,2026-10-10T10:44:53+01:00,375,591386,Nyoni,14,3,48,-1,-2,0.0,162,475,1419,3220,a,,
2026-10-10,2026-10-10T10:44:53+01:00,376,535928,Bajcetic,14,3,50,0,0,0.0,0,4,19,108,u,0.0,Has joined Celta Vigo permanently
2026-10-10,2026-10-10T10:44:53+01:00,377,551499,Munoz,14,3,65,0,0,0.8,3829,20177,119812,110519,a,,
2026-10-10,2026-10-10T10:44:53+01:00,378,491501,McConnell,14,3,44,0,-1,0.2,1302,2235,7177,13692,a,,
2026-10-10,2026-10-10T10:44:53+01:00,379,219168,Isak,14,4,91,0,1,16.7,132759,658612,1259921,1318581,i,0.0,Thigh injury - Unknown return date
2026-10-10,2026-10-10T10:44:53+01:00,380,510663,Ekitiké,14,4,74,0,-1,0.1,574,1121,2846,11584,i,0.0,Achilles injury - Unknown return date
2026-10-10,2026-10-10T10:44:53+01:00,381,514514,Koumas,14,3,50,0,0,0.0,1044,370,1723,1571,a,,
2026-10-10,2026-10-10T10:44:53+01:00,382,500058,Danns,14,4,45,0,0,0.3,6405,3820,26212,11099,a,100.0,
2026-10-10,2026-10-10T10:44:53+01:00,383,444884,Elliott,14,3,54,0,-1,0.0,0,340,907,6260,u,0.0,Has joined Valencia on loan for the rest of the season
2026-10-10,2026-10-10T10:44:53+01:00,579,445087,Araujo,14,2,54,0,-1,3.1,32338,19269,164254,168958,a,,
2026-10-10,2026-10-10T10:44:53+01:00,627,482616,Barcola,14,3,80,0,0,2.0,40270,34164,317732,145410,a,,
2026-10-10,2026-10-10T10:44:53+01:00,155,448047,Enzo,15,3,69,0,-1,3.8,57829,29567,199496,336476,a,,
2026-10-10,2026-10-10T10:44:53+01:00,237,440993,Ndiaye,15,3,58,-1,-2,6.0,15694,150573,306563,1218576,a,,
2026-10-10,2026-10-10T10:44:53+01:00,384,204936,Donnarumma,15,1,55,0,0,7.3,18071,59794,214262,345710,a,,
2026-10-10,2026-10-10T10:44:53+01:00,386,122074,Bettinelli,15,1,45,0,0,0.0,105,156,620,1192,a,,
2026-10-10,2026-10-10T10:44:53+01:00,387,472769,O'Reilly,15,2,63,-1,-2,9.6,5804,198705,193148,1335216,d,75.0,Unspecified injury - 75% chance of playing
2026-10-10,2026-10-10T10:44:53+01:00,388,209036,Guéhi,15,2,60,0,0,17.7,41683,104985,523603,516961,a,,
2026-10-10,2026-10-10T10:44:53+01:00,389,465351,Matheus N.,15,2,59,0,-1,1.0,3135,5247,16290,76388,a,100.0,
2026-10-10,2026-10-10T10:44:53+01:00,390,171314,Rúben,15,2,55,0,0,1.9,7781,16057,70369,80859,a,,
2026-10-10,2026-10-10T10:44:53+01:00,391,477424,Gvardiol,15,2,57,0,2,27.3,297965,140106,1979997,500322,a,,
2026-10-10,2026-10-10T10:44:53+01:00,392,448514,Aït-Nouri,15,2,52,-1,-3,0.4,831,3580,8183,62989,a,,
2026-10-10,2026-10-10T10:44:53+01:00,393,578153,Khusanov,15,2,54,0,-1,1.3,2140,13918,27576,85564,a,,
2026-10-10,2026-10-10T10:44:53+01:00,394,494307,Alleyne,15,2,50,0,0,0.0,0,24,0,622,u,0.0,Has joined Burnley on loan for the rest of the season
2026-10-10,2026-10-10T10:44:53+01:00,395,477064,Lewis,15,2,44,0,-1,0.2,548,1907,8504,16973,a,,
2026-10-10,2026-10-10T10:44:53+01:00,396,616222,Vitor Reis,15,2,45,0,0,0.0,102,223,582,1246,a,,
2026-10-10,2026-10-10T10:44:53+01:00,397,437730,Semenyo,15,3,84,0,-1,13.4,149868,266916,340771,1409616,d,75.0,Ankle injury - 75% chance of playing
2026-10-10,2026-10-10T10:44:53+01:00,398,209244,Foden,15,3,69,0,-1,1.5,298,55896,303544,593618,s,0.0,Suspended until 17 Oct
2026-10-10,2026-10-10T10:44:53+01:00,399,466052,Cherki,15,3,78,0,3,28.6,284009,221825,2831170,1088770,a,,
2026-10-10,2026-10-10T10:44:53+01:00,400,248875,Doku,15,3,74,0,-1,0.7,10212,3598,11679,129684,a,100.0,
2026-10-10,2026-10-10T10:44:53+01:00,402,220566,Rodrigo,15,3,65,0,0,0.0,0,30,0,1234,u,0.0,Has joined Barcelona permanently
2026-10-10,2026-10-10T10:44:53+01:00,404,433036,Reijnders,15,3,60,0,0,0.0,0,134,0,8219,u,0.0,Has joined Al Qadsiah permanently
2026-10-10,2026-10-10T10:44:53+01:00,406,91651,Kovačić,15,3,53,-1,-2,0.1,167,681,2309,6510,a,,
2026-10-10,2026-10-10T10:44:53+01:00,407,575204,Echeverri,15,3,49,0,-1,0.0,0,81,250,1370,u,0.0,Has joined Benfica on loan for the rest of the season
2026-10-10,2026-10-10T10:44:53+01:00,408,155405,Phillips,15,3,50,0,0,0.0,0,22,0,581,u,0.0,Has joined Sheffield United on loan for the rest of the season
2026-10-10,2026-10-10T10:44:53+01:00,409,590039,Mukasa,15,3,45,0,0,0.1,0,1037,1621,12604,u,0.0,has joined West Ham on loan for the rest of the seaon.
2026-10-10,2026-10-10T10:44:53+01:00,410,649208,Monga,15,3,49,0,-1,0.0,0,80,219,1300,u,0.0,Has joined Swansea City on loan for the rest of the season
2026-10-10,2026-10-10T10:44:53+01:00,411,223094,Haaland,15,4,156,0,1,74.3,176108,56351,1021385,358009,a,,
2026-10-10,2026-10-10T10:44:53+01:00,481,215379,Anderson,15,3,63,0,-2,3.8,14731,52550,112170,470390,a,100.0,
2026-10-10,2026-10-10T10:44:53+01:00,587,106921,Rulli,15,1,50,0,0,0.0,105,165,637,1176,a,,
2026-10-10,2026-10-10T10:44:53+01:00,616,637238,Bouaddi,15,3,55,0,0,0.2,1168,2955,21367,14394,a,,
2026-10-10,2026-10-10T10:44:53+01:00,621,616288,McAidoo,15,3,44,-1,-1,0.1,891,1540,12060,7563,a,,
2026-10-10,2026-10-10T10:44:53+01:00,622,554054,Braithwaite,15,2,40,0,0,0.2,862,2043,17069,9594,a,,
2026-10-10,2026-10-10T10:44:53+01:00,628,624777,Allan,15,3,60,0,0,0.0,312,230,1275,751,a,,
2026-10-10,2026-10-10T10:44:53+01:00,653,595480,Samba,15,3,45,0,0,0.0,317,619,3966,2302,a,,
2026-10-10,2026-10-10T10:44:53+01:00,43,166989,Tielemans,16,3,58,0,-2,1.4,6006,17901,47453,168525,a,100.0,
2026-10-10,2026-10-10T10:44:53+01:00,131,535301,Baleba,16,3,49,0,-1,0.1,3734,1299,9173,14940,a,100.0,
2026-10-10,2026-10-10T10:44:53+01:00,162,532605,Andrey Santos,16,3,48,0,-2,0.5,1430,8763,22627,77382,a,,
2026-10-10,2026-10-10T10:44:53+01:00,325,59735,Darlow,16,1,45,0,0,0.0,83,354,1090,1735,d,75.0,Unspecified injury - 75% chance of playing
2026-10-10,2026-10-10T10:44:53+01:00,412,465247,Lammens,16,1,49,0,-1,9.4,14604,109133,106812,747564,a,,
2026-10-10,2026-10-10T10:44:53+01:00,413,451302,Bayindir,16,1,45,0,0,0.0,0,66,0,1176,u,0.0,Has joined Celta Vigo on loan for the rest of the season
2026-10-10,2026-10-10T10:44:53+01:00,414,21205,Heaton,16,1,40,0,0,0.1,403,521,2321,3808,i,0.0,Hamstring injury - Unknown return date
2026-10-10,2026-10-10T10:44:53+01:00,415,596777,Dorgu,16,3,58,0,-2,0.5,1084,10561,14054,104098,i,0.0,Hamstring injury - Expected back 25 Oct
2026-10-10,2026-10-10T10:44:53+01:00,416,209365,De Ligt,16,2,49,-1,-1,0.0,115,182,494,1605,i,0.0,Back injury - Unknown return date
2026-10-10,2026-10-10T10:44:53+01:00,417,216051,Dalot,16,2,49,0,-1,1.6,4065,15741,28844,144236,a,,
2026-10-10,2026-10-10T10:44:53+01:00,418,95658,Maguire,16,2,48,-1,-2,7.8,12665,163029,146623,1092720,a,,
2026-10-10,2026-10-10T10:44:53+01:00,419,221820,Martinez,16,2,49,-1,-1,1.3,6472,10024,39398,70877,a,100.0,
2026-10-10,2026-10-10T10:44:53+01:00,420,550864,Yoro,16,2,48,-1,-2,0.4,1013,3246,5795,37088,a,,
2026-10-10,2026-10-10T10:44:53+01:00,421,606745,Heaven,16,2,43,-1,-2,0.3,432,2584,6202,25170,a,,
2026-10-10,2026-10-10T10:44:53+01:00,422,230001,Mazraoui,16,2,44,0,-1,0.5,637,6799,14421,44886,d,75.0,Back injury - 75% chance of playing
2026-10-10,2026-10-10T10:44:53+01:00,423,106760,Shaw,16,2,43,-1,-2,7.0,12975,154870,110459,1386799,a,100.0,
2026-10-10,2026-10-10T10:44:53+01:00,424,577974,Amass,16,2,40,0,0,0.2,719,1389,6621,9419,a,,
2026-10-10,2026-10-10T10:44:53+01:00,425,547676,Fredricson,16,2,40,0,0,0.0,0,79,0,1347,u,0.0,Has joined Lausanne-Sport permanently
2026-10-10,2026-10-10T10:44:53+01:00,426,141746,B.Fernandes,16,3,119,-1,-1,37.5,122753,398295,734353,2051245,a,,
2026-10-10,2026-10-10T10:44:53+01:00,427,446008,Mbeumo,16,3,79,0,-1,20.0,133927,285864,560906,2172363,a,,
2026-10-10,2026-10-10T10:44:53+01:00,428,430871,Cunha,16,3,79,0,-1,6.1,67157,42716,140903,530747,a,,
2026-10-10,2026-10-10T10:44:53+01:00,429,176297,Rashford,16,3,69,-1,-1,1.3,5533,32955,86562,144036,d,75.0,Unspecified injury - 75% chance of playing
2026-10-10,2026-10-10T10:44:53+01:00,430,184341,Mount,16,3,54,0,-1,0.0,279,275,1007,2051,a,100.0,
2026-10-10,2026-10-10T10:44:53+01:00,431,493250,Amad,16,3,57,0,-3,0.3,300,3428,2342,125149,i,0.0,Unspecified injury - Unknown return date
2026-10-10,2026-10-10T10:44:53+01:00,432,516895,Mainoo,16,3,55,0,0,1.4,9803,28575,96897,80852,d,75.0,Unspecified injury - 75% chance of playing
2026-10-10,2026-10-10T10:44:53+01:00,433,232112,Ugarte,16,3,50,0,0,0.0,35,34,131,274,i,0.0,Knee injury - Unknown return date
2026-10-10,2026-10-10T10:44:53+01:00,434,547037,J.Fletcher,16,3,49,0,-1,0.0,64,96,344,744,a,,
2026-10-10,2026-10-10T10:44:53+01:00,435,576628,Lacey,16,3,49,0,-1,0.1,553,566,1906,3531,a,,
2026-10-10,2026-10-10T10:44:53+01:00,436,490881,Collyer,16,3,50,0,0,0.0,0,69,150,1076,u,0.0,Has joined West Brom permanently
2026-10-10,2026-10-10T10:44:53+01:00,437,576620,Bendito Mantato,16,3,44,-1,-1,0.2,914,1433,5578,10214,a,,
2026-10-10,2026-10-10T10:44:53+01:00,438,519913,Fletcher,16,3,44,0,-1,0.3,3084,3325,11153,18094,a,,
2026-10-10,2026-10-10T10:44:53+01:00,439,485711,Šeško,16,4,70,0,0,1.4,7198,42785,104637,152458,i,0.0,Shin injury - Expected back 18 Oct
2026-10-10,2026-10-10T10:44:53+01:00,440,458249,Zirkzee,16,4,53,-1,-2,0.4,3672,4658,17552,45211,a,,
2026-10-10,2026-10-10T10:44:53+01:00,441,596047,Obi,16,4,45,0,0,0.9,0,16434,45543,79376,u,0.0,Has joined Willem II on loan for the rest of the season
2026-10-10,2026-10-10T10:44:53+01:00,405,465694,N.Gonzalez,17,3,55,0,0,0.2,1469,2461,18932,17630,a,100.0,
2026-10-10,2026-10-10T10:44:53+01:00,442,98747,Pope,17,1,49,0,-1,0.9,1694,5034,14187,55757,a,,
2026-10-10,2026-10-10T10:44:53+01:00,443,81441,Gillespie,17,1,45,0,0,0.0,78,171,803,1291,a,,
2026-10-10,2026-10-10T10:44:53+01:00,444,554578,Jaouen,17,1,44,-1,-1,0.0,43,238,476,1643,i,0.0,Hamstring injury - Unknown return date
2026-10-10,2026-10-10T10:44:53+01:00,445,465642,Thiaw,17,2,50,0,0,2.3,24516,22240,193817,135251,a,,
2026-10-10,2026-10-10T10:44:53+01:00,446,119471,Schär,17,2,49,0,-1,0.2,1493,1515,8004,14461,a,100.0,
2026-10-10,2026-10-10T10:44:53+01:00,447,220237,Botman,17,2,50,0,0,0.8,12458,6230,55132,31524,a,,
2026-10-10,2026-10-10T10:44:53+01:00,448,78916,Burn,17,2,48,-1,-2,0.7,169,10005,7384,164913,i,0.0,Ankle injury - Expected back 12 Oct
2026-10-10,2026-10-10T10:44:53+01:00,449,487838,Hall,17,2,53,1,3,21.1,656017,64540,2069519,392373,a,,
2026-10-10,2026-10-10T10:44:53+01:00,450,441191,Livramento,17,2,49,0,-1,0.1,545,3677,10341,8117,d,50.0,Unspecified injury - 50% chance of playing
2026-10-10,2026-10-10T10:44:53+01:00,451,545477,A.Murphy,17,2,40,0,0,0.1,0,476,0,7127,u,0.0,Has joined FC Kaiserslautern on loan for the rest of the season
2026-10-10,2026-10-10T10:44:53+01:00,453,201666,Barnes,17,3,61,1,1,8.3,465449,71297,936552,203205,a,,
2026-10-10,2026-10-10T10:44:53+01:00,454,449434,Elanga,17,3,61,-1,1,3.4,460,286050,1286297,1206011,i,0.0,Unspecified injury - Unknown return date
2026-10-10,2026-10-10T10:44:53+01:00,456,232653,J.Ramsey,17,3,48,-1,-2,0.2,105,8287,16651,34490,i,0.0,Thigh injury - Unknown return date
2026-10-10,2026-10-10T10:44:53+01:00,457,114243,J.Murphy,17,3,59,0,-1,0.1,1915,1659,7018,11838,a,,
2026-10-10,2026-10-10T10:44:53+01:00,458,180974,Joelinton,17,3,54,0,-1,0.0,38,135,249,2297,d,75.0,Unspecified injury - 75% chance of playing
2026-10-10,2026-10-10T10:44:53+01:00,459,547719,L.Miley,17,3,55,0,0,0.1,522,1533,6386,6540,d,75.0,Unspecified injury - 75% chance of playing
2026-10-10,2026-10-10T10:44:53+01:00,460,200089,Willock,17,3,50,0,0,0.6,22058,6745,76878,34730,a,,
2026-10-10,2026-10-10T10:44:53+01:00,461,611665,Touré,17,3,58,0,-2,0.1,671,1643,4054,17250,a,,
2026-10-10,2026-10-10T10:44:53+01:00,462,636852,Steur,17,3,49,0,-1,0.1,496,804,2652,6601,a,,
2026-10-10,2026-10-10T10:44:53+01:00,463,470313,Woltemade,17,4,59,0,-1,0.5,0,5388,14520,143823,u,0.0,Has joined Juventus on loan for the rest of the season
2026-10-10,2026-10-10T10:44:53+01:00,464,216646,Wissa,17,4,62,0,2,19.3,265068,268419,2460580,855429,a,,
2026-10-10,2026-10-10T10:44:53+01:00,465,538207,Osula,17,4,58,-1,-2,0.3,370,3904,21693,88209,d,50.0,Foot injury - 50% chance of playing
2026-10-10,2026-10-10T10:44:53+01:00,466,599303,Neave,17,4,45,0,0,0.5,0,6597,23805,55219,u,0.0,Has joined Wolves on loan for the rest of the season
2026-10-10,2026-10-10T10:44:53+01:00,559,632794,Bamba,17,3,49,0,-1,0.1,212,893,2652,7977,a,,
2026-10-10,2026-10-10T10:44:53+01:00,567,470551,Horníček,17,1,50,0,0,1.5,15734,11803,160384,78356,a,,
2026-10-10,2026-10-10T10:44:53+01:00,593,463726,Dedić,17,2,45,0,0,1.4,710,75022,448332,345072,d,50.0,Unspecified injury - 50% chance of playing
2026-10-10,2026-10-10T10:44:53+01:00,609,553746,Shahar,17,2,40,0,0,0.2,0,2459,18236,16357,u,0.0,has joined Arouca on loan for the rest of the seaon.
2026-10-10,2026-10-10T10:44:53+01:00,634,613221,Fernandez-Pardo,17,4,60,0,0,0.1,4774,2696,19845,7596,a,,
2026-10-10,2026-10-10T10:44:53+01:00,659,665243,Miley,17,3,45,0,0,0.0,2406,1040,5844,1642,a,,
2026-10-10,2026-10-10T10:44:53+01:00,663,578512,Pivas,17,2,40,0,0,0.0,613,95,613,95,a,,
2026-10-10,2026-10-10T10:44:53+01:00,664,601767,Salia,17,4,45,0,0,0.2,17645,3165,17645,3165,a,,
2026-10-10,2026-10-10T10:44:53+01:00,665,655585,Mills,17,3,45,0,0,0.0,246,48,246,48,a,,
2026-10-10,2026-10-10T10:44:53+01:00,666,671875,Thompson,17,3,45,0,0,0.0,335,57,335,57,a,,
2026-10-10,2026-10-10T10:44:53+01:00,167,463034,Delap,18,4,56,1,1,2.5,41805,71971,328981,125543,a,,
2026-10-10,2026-10-10T10:44:53+01:00,201,247348,Muñoz,18,2,54,0,-1,5.5,17748,62945,168306,517121,a,,
2026-10-10,2026-10-10T10:44:53+01:00,467,85633,Sels,18,1,50,0,0,1.5,4290,14381,70543,70443,a,,
2026-10-10,2026-10-10T10:44:53+01:00,468,221389,John,18,1,45,0,0,0.1,105,262,912,2122,a,,
2026-10-10,2026-10-10T10:44:53+01:00,469,215136,N.Williams,18,2,50,0,0,7.3,18658,190501,333144,495759,d,50.0,Illness - 50% chance of playing
2026-10-10,2026-10-10T10:44:53+01:00,470,485047,Morato,18,2,50,0,0,0.0,0,203,424,3783,u,0.0,Has joined West Ham on loan for the rest of the season
2026-10-10,2026-10-10T10:44:53+01:00,471,227444,Milenković,18,2,54,-1,-1,0.9,112,23644,18044,118801,i,0.0,Knee injury - Unknown return date
2026-10-10,2026-10-10T10:44:53+01:00,472,575476,Murillo,18,2,55,0,0,2.2,23799,17315,119296,70576,a,100.0,
2026-10-10,2026-10-10T10:44:53+01:00,473,159506,Aina,18,2,44,-1,-1,2.1,2587,44721,70700,194508,a,,
2026-10-10,2026-10-10T10:44:53+01:00,474,575458,Jair Cunha,18,2,45,0,0,0.2,769,1265,10275,13791,a,100.0,
2026-10-10,2026-10-10T10:44:53+01:00,475,500151,Savona,18,2,45,0,0,0.0,32,39,252,297,i,0.0,Knee injury - Unknown return date
2026-10-10,2026-10-10T10:44:53+01:00,476,204822,O.Richards,18,2,40,0,0,0.2,492,1370,4192,8921,a,,
2026-10-10,2026-10-10T10:44:53+01:00,477,549067,Abbott,18,2,40,0,0,0.1,0,1682,2459,14755,u,0.0,Has joined Southampton on loan for the rest of the season
2026-10-10,2026-10-10T10:44:53+01:00,478,470315,Netz,18,2,44,0,-1,0.0,96,206,726,1677,a,,
2026-10-10,2026-10-10T10:44:53+01:00,479,538638,Bindon,18,2,40,0,0,0.1,0,1048,799,9178,u,0.0,Has joined Charlton Athletic on loan for the rest of the season
2026-10-10,2026-10-10T10:44:53+01:00,480,222531,Gibbs-White,18,3,80,0,0,15.9,193079,198917,1336761,781611,a,100.0,
2026-10-10,2026-10-10T10:44:53+01:00,482,209046,Hudson-Odoi,18,3,58,0,-2,0.1,544,1892,5555,18292,a,100.0,
2026-10-10,2026-10-10T10:44:53+01:00,483,456512,Ndoye,18,3,55,0,0,0.6,1946,16746,73542,57909,a,,
2026-10-10,2026-10-10T10:44:53+01:00,484,503301,Hutchinson,18,3,54,0,-1,0.1,0,615,427,11243,u,0.0,Has joined AC Milan on loan for the rest of the season
2026-10-10,2026-10-10T10:44:53+01:00,485,476887,Bakwa,18,3,55,0,0,0.0,0,51,107,1193,u,0.0,Has joined Lille on loan for the rest of the season
2026-10-10,2026-10-10T10:44:53+01:00,486,432714,McAtee,18,3,55,0,0,0.1,697,1680,10342,6726,a,,
2026-10-10,2026-10-10T10:44:53+01:00,487,250199,Dominguez,18,3,49,0,-1,0.1,90,517,1228,4319,a,,
2026-10-10,2026-10-10T10:44:53+01:00,488,210462,I.Sangaré,18,3,48,-1,-2,0.4,875,8444,9774,74023,a,100.0,
2026-10-10,2026-10-10T10:44:53+01:00,489,204968,Yates,18,3,44,-1,-1,1.1,2647,12737,32293,99092,a,100.0,
2026-10-10,2026-10-10T10:44:53+01:00,490,60689,Wood,18,4,58,0,-2,0.9,4484,10660,27063,120507,a,,
2026-10-10,2026-10-10T10:44:53+01:00,491,482973,Igor Jesus,18,4,58,0,-2,2.2,13100,77310,132100,324655,i,0.0,Calf injury - Unknown return date
2026-10-10,2026-10-10T10:44:53+01:00,493,465680,Kalimuendo,18,4,54,0,-1,0.0,349,604,3159,4304,a,,
2026-10-10,2026-10-10T10:44:53+01:00,558,204561,Schlager,18,3,50,0,0,0.1,381,1608,6061,6625,a,,
2026-10-10,2026-10-10T10:44:53+01:00,581,568420,Diomande,18,2,54,0,-1,0.5,2663,3842,14785,43307,a,,
2026-10-10,2026-10-10T10:44:53+01:00,590,428971,Benda,18,1,45,0,0,0.1,212,386,2752,2987,a,,
2026-10-10,2026-10-10T10:44:53+01:00,112,469142,Van Hecke,19,2,49,0,-1,6.1,55217,102361,191386,547756,a,100.0,
2026-10-10,2026-10-10T10:44:53+01:00,147,109646,Tosin,19,2,44,0,-1,0.1,188,969,2080,8321,a,,
2026-10-10,2026-10-10T10:44:53+01:00,401,438234,Marmoush,19,4,70,0,0,2.2,30881,40814,253360,181947,a,,
2026-10-10,2026-10-10T10:44:53+01:00,403,510281,Sávio,19,3,65,0,0,0.6,7368,15122,104280,87885,a,100.0,
2026-10-10,2026-10-10T10:44:53+01:00,455,432422,Tonali,19,3,53,-1,-2,1.7,4503,30934,50092,285541,a,100.0,
2026-10-10,2026-10-10T10:44:53+01:00,494,184254,Vicario,19,1,45,0,0,0.1,0,1161,0,22544,u,0.0,Has joined Juventus on loan for the rest of the season
2026-10-10,2026-10-10T10:44:53+01:00,495,214572,Austin,19,1,40,0,0,1.0,4209,4066,31860,23751,a,,
2026-10-10,2026-10-10T10:44:53+01:00,496,485055,Kinsky,19,1,45,0,0,15.8,45577,281490,374731,963717,a,,
2026-10-10,2026-10-10T10:44:53+01:00,497,67089,Dubravka,19,1,40,0,0,17.0,84060,109885,454699,502535,a,,
2026-10-10,2026-10-10T10:44:53+01:00,498,221466,Senesi,19,2,58,0,-2,3.3,2142,39019,30286,475482,a,,
2026-10-10,2026-10-10T10:44:53+01:00,499,441164,Pedro Porro,19,2,54,0,-1,6.3,1996,200109,124770,1117857,i,0.0,Hamstring injury - Unknown return date
2026-10-10,2026-10-10T10:44:53+01:00,500,221632,Romero,19,2,50,0,0,0.1,0,408,0,16922,u,0.0,Has joined Atletico Madrid permanently
2026-10-10,2026-10-10T10:44:53+01:00,502,122798,Robertson,19,2,44,0,-1,2.4,16031,35609,77703,206285,a,,
2026-10-10,2026-10-10T10:44:53+01:00,503,491279,Van de Ven,19,2,50,0,0,3.7,13875,38071,102331,285312,a,100.0,
2026-10-10,2026-10-10T10:44:53+01:00,505,232859,Spence,19,2,45,0,0,0.2,0,1726,0,69812,u,0.0,Has joined Internazionale permanently
2026-10-10,2026-10-10T10:44:53+01:00,506,487053,Udogie,19,2,44,0,-1,0.3,643,2883,5882,23713,a,100.0,
2026-10-10,2026-10-10T10:44:53+01:00,507,548308,Phillips,19,2,45,0,0,0.0,0,73,0,1288,u,0.0,Has joined Middlesbrough permanently
2026-10-10,2026-10-10T10:44:53+01:00,508,115556,Davies,19,2,39,-1,-1,1.0,14257,8049,26053,45492,a,,
2026-10-10,2026-10-10T10:44:53+01:00,509,640419,Byfield,19,2,40,0,0,0.1,234,418,2449,2762,a,,
2026-10-10,2026-10-10T10:44:53+01:00,510,499716,Rowswell,19,2,40,0,0,0.1,283,558,3012,3686,a,,
2026-10-10,2026-10-10T10:44:53+01:00,511,616221,Souza,19,2,40,0,0,0.2,0,1687,2555,17673,u,0.0,Has joined FC Porto on loan for the rest of the season
2026-10-10,2026-10-10T10:44:53+01:00,512,460842,Kudus,19,3,65,0,0,0.2,5540,2518,16334,12473,a,100.0,
2026-10-10,2026-10-10T10:44:53+01:00,513,493362,Xavi,19,3,59,0,-1,0.0,91,101,383,1142,i,0.0,Knee injury - Unknown return date
2026-10-10,2026-10-10T10:44:53+01:00,514,511499,Tel,19,3,57,-1,-3,0.2,393,4007,9325,48824,a,,
2026-10-10,2026-10-10T10:44:53+01:00,515,172780,Maddison,19,3,63,0,-2,0.4,1521,3716,6570,97969,a,100.0,
2026-10-10,2026-10-10T10:44:53+01:00,516,202993,Bentancur,19,3,55,0,0,0.2,768,1832,5532,9489,a,,
2026-10-10,2026-10-10T10:44:53+01:00,517,550839,Odobert,19,3,55,0,0,0.0,59,27,161,122,i,0.0,Knee injury - Unknown return date
2026-10-10,2026-10-10T10:44:53+01:00,518,482442,P.M.Sarr,19,3,49,0,-1,0.1,0,1228,4138,24295,u,0.0,Has joined Juventus on loan for the rest of the season
2026-10-10,2026-10-10T10:44:53+01:00,519,232787,Gallagher,19,3,53,0,-2,0.2,1325,1443,5181,17831,a,,
2026-10-10,2026-10-10T10:44:53+01:00,520,570526,Bergvall,19,3,53,-1,-2,0.1,175,1043,1955,9976,a,,
2026-10-10,2026-10-10T10:44:53+01:00,521,445044,Kulusevski,19,3,65,0,0,0.0,178,112,484,777,i,0.0,Knee injury - Unknown return date
2026-10-10,2026-10-10T10:44:53+01:00,522,547701,Gray,19,3,49,0,-1,0.2,821,2089,7198,14260,a,,
2026-10-10,2026-10-10T10:44:53+01:00,523,499721,Moore,19,3,50,0,0,0.0,0,1119,3258,17604,u,0.0,Has joined FC Köln on loan for the rest of the season
2026-10-10,2026-10-10T10:44:53+01:00,524,499726,Olusesi,19,3,44,0,-1,0.9,6923,11632,56539,53477,a,,
2026-10-10,2026-10-10T10:44:53+01:00,525,551226,Fernandes,19,3,57,-1,-3,0.7,904,12354,14885,130441,a,,
2026-10-10,2026-10-10T10:44:53+01:00,526,154566,Solanke,19,4,58,0,-2,0.8,4493,10498,32040,99549,a,,
2026-10-10,2026-10-10T10:44:53+01:00,527,212319,Richarlison,19,4,59,0,-1,0.6,0,9948,21439,272431,u,0.0,not included in squad.
2026-10-10,2026-10-10T10:44:53+01:00,528,490145,Scarlett,19,4,45,0,0,1.0,0,13631,42525,115198,u,0.0,Has joined Leyton Orient permanently
2026-10-10,2026-10-10T10:44:53+01:00,578,465920,Mudryk,19,3,53,-1,-2,0.0,42,857,5462,7905,i,0.0,Ankle injury - Unknown return date
2026-10-10,2026-10-10T10:44:53+01:00,601,611917,Williams-Barnett,19,3,45,0,0,0.1,294,1050,10376,7333,a,,
2026-10-10,2026-10-10T10:44:53+01:00,501,135720,Danso,20,2,50,0,0,0.2,2192,1314,7617,10351,a,,
2026-10-10,2026-10-10T10:44:53+01:00,529,498016,Roefs,20,1,49,0,-1,2.3,3778,27642,23627,193767,a,,
2026-10-10,2026-10-10T10:44:53+01:00,530,232571,Patterson,20,1,40,0,0,0.1,0,600,0,6252,u,0.0,Has joined Wrexham permanently
2026-10-10,2026-10-10T10:44:53+01:00,531,515046,Ellborg,20,1,44,-1,-1,0.1,272,471,1311,3552,a,,
2026-10-10,2026-10-10T10:44:53+01:00,532,223827,Ballard,20,2,49,0,-1,1.9,3779,79789,45678,380357,i,0.0,Hamstring injury - Unknown return date
2026-10-10,2026-10-10T10:44:53+01:00,533,200834,Mukiele,20,2,54,0,-1,1.8,10047,18371,49378,139476,a,100.0,
2026-10-10,2026-10-10T10:44:53+01:00,534,487676,Hume,20,2,43,-1,-2,2.4,2288,73702,38914,441377,a,,
2026-10-10,2026-10-10T10:44:53+01:00,535,201895,Alderete,20,2,48,-1,-2,0.2,595,2229,5349,28505,a,100.0,
2026-10-10,2026-10-10T10:44:53+01:00,536,434399,Reinildo,20,2,44,-1,-1,0.2,558,2977,4421,25777,a,100.0,
2026-10-10,2026-10-10T10:44:53+01:00,537,519634,Seelt,20,2,45,0,0,0.0,0,40,61,682,u,0.0,Has joined Swansea City on loan for the rest of the season
2026-10-10,2026-10-10T10:44:53+01:00,538,477547,Hjelde,20,2,40,0,0,0.0,0,264,0,2635,u,0.0,Has joined KV Mechelen on loan for the rest of the season
2026-10-10,2026-10-10T10:44:53+01:00,539,167512,O'Nien,20,2,39,-1,-1,2.6,32614,26794,47357,136694,a,,
2026-10-10,2026-10-10T10:44:53+01:00,540,105717,Masuaku,20,2,40,0,0,0.1,0,990,0,11923,u,0.0,Has joined Konyaspor permanently
2026-10-10,2026-10-10T10:44:53+01:00,541,93605,Meunier,20,2,45,0,0,0.3,3769,2129,9170,10881,a,100.0,
2026-10-10,2026-10-10T10:44:53+01:00,542,484420,E.Le Fée,20,3,57,-1,-3,3.2,25796,58075,59368,684650,a,,
2026-10-10,2026-10-10T10:44:53+01:00,543,547027,Diarra,20,3,53,-1,-2,0.0,25,400,563,6083,i,0.0,Hamstring injury - Expected back 18 Oct
2026-10-10,2026-10-10T10:44:53+01:00,544,84450,Xhaka,20,3,55,0,0,3.4,11357,46429,135889,231518,a,,
2026-10-10,2026-10-10T10:44:53+01:00,545,577669,Sadiki,20,3,49,0,-1,0.2,768,2810,6081,19835,a,,
2026-10-10,2026-10-10T10:44:53+01:00,546,535818,Adingra,20,3,49,0,-1,0.0,0,394,240,7622,u,0.0,Has joined Ajax on loan for the rest of the season
2026-10-10,2026-10-10T10:44:53+01:00,547,461199,Mundle,20,3,48,-1,-2,0.0,16,86,207,704,i,0.0,Knee injury - Unknown return date
2026-10-10,2026-10-10T10:44:53+01:00,548,554197,Rigg,20,3,49,0,-1,0.0,59,429,496,3049,a,,
2026-10-10,2026-10-10T10:44:53+01:00,549,549912,Talbi,20,3,53,0,-2,0.1,174,1031,1407,12251,a,,
2026-10-10,2026-10-10T10:44:53+01:00,550,699989,Jocelin.T,20,3,49,-1,-1,0.0,72,88,346,469,a,,
2026-10-10,2026-10-10T10:44:53+01:00,551,536661,N.Angulo,20,3,50,0,0,0.1,1000,1404,13279,11192,a,,
2026-10-10,2026-10-10T10:44:53+01:00,552,441264,Brobbey,20,4,57,-1,-3,5.8,205242,168921,296700,1055093,i,0.0,Hamstring injury - Expected back 25 Oct
2026-10-10,2026-10-10T10:44:53+01:00,553,437505,Isidor,20,4,55,0,0,1.3,12682,19434,104984,94588,a,,
2026-10-10,2026-10-10T10:44:53+01:00,612,638411,Methalie,20,2,45,0,0,0.0,178,102,967,528,a,100.0,
2026-10-10,2026-10-10T10:44:53+01:00,613,696104,Ahoka,20,3,45,0,0,0.2,962,2416,25757,15114,a,,
2026-10-10,2026-10-10T10:44:53+01:00,646,549940,Fofana,20,3,55,0,0,0.0,519,495,4255,1923,a,,
2026-10-10,2026-10-10T10:44:53+01:00,651,661313,J.Angulo,20,4,45,0,0,0.8,17053,11568,98921,34583,a,,
